station,station_name,average_delay_min,right_time_0_15,slight_delay_15_60,significant_delay_60+,cancelled_unknown,train_no,train_name
KOAA,KOLKATA ,7,94.23,1.92,3.85,0,2501,KOAA AGTL SPL
BDC,BANDEL JN ,11,90.38,5.77,3.85,0,2501,KOAA AGTL SPL
NDAE,NABADWIP DHAM ,22,61.54,34.62,3.85,0,2501,KOAA AGTL SPL
KWAE,KATWA ,19,69.23,25,5.77,0,2501,KOAA AGTL SPL
AZ,AZIMGANJ JN ,14,86.54,7.69,5.77,0,2501,KOAA AGTL SPL
JRLE,JANGIPUR ROAD ,19,59.62,32.69,5.77,1.92,2501,KOAA AGTL SPL
MLDT,MALDA TOWN ,73,17.31,34.62,48.08,0,2501,KOAA AGTL SPL
KNE,KISHANGANJ ,131,0,15.38,84.62,0,2501,KOAA AGTL SPL
NJP,NEW JALPAIGURI ,129,3.85,17.31,78.85,0,2501,KOAA AGTL SPL
NCB,NEW COOCH BEHAR ,167,0,15.38,84.62,0,2501,KOAA AGTL SPL
NOQ,NEW ALIPURDAUR ,156,1.92,13.46,84.62,0,2501,KOAA AGTL SPL
KOJ,KOKRAJHAR ,175,0,11.54,88.46,0,2501,KOAA AGTL SPL
NBQ,NEW BONGAIGAON ,166,1.92,11.54,86.54,0,2501,KOAA AGTL SPL
GLPT,GOALPARA TOWN ,169,3.85,7.69,88.46,0,2501,KOAA AGTL SPL
GHY,GUWAHATI ,230,0,3.85,96.15,0,2501,KOAA AGTL SPL
MYD,MANDERDISA ,262,0,0,100,0,2501,KOAA AGTL SPL
NHLG,NEW HAFLONG ,262,0,3.85,96.15,0,2501,KOAA AGTL SPL
BPB,BADARPUR JN ,237,0,5.77,94.23,0,2501,KOAA AGTL SPL
NKMG,NEW KARIMGANJ ,247,0,3.85,96.15,0,2501,KOAA AGTL SPL
DMR,DHARMANAGAR ,240,1.92,3.85,94.23,0,2501,KOAA AGTL SPL
AGTL,AGARTALA ,227,3.85,7.69,88.46,0,2501,KOAA AGTL SPL
AGTL,AGARTALA ,3,96.15,3.85,0,0,2502,AGTL KOAA SPL
DMR,DHARMANAGAR ,16,50,50,0,0,2502,AGTL KOAA SPL
NKMG,NEW KARIMGANJ ,18,57.69,40.38,1.92,0,2502,AGTL KOAA SPL
BPB,BADARPUR JN ,29,30.77,61.54,7.69,0,2502,AGTL KOAA SPL
NHLG,NEW HAFLONG ,22,53.85,34.62,11.54,0,2502,AGTL KOAA SPL
MYD,MANDERDISA ,18,65.38,26.92,7.69,0,2502,AGTL KOAA SPL
GHY,GUWAHATI ,36,57.69,19.23,23.08,0,2502,AGTL KOAA SPL
GLPT,GOALPARA TOWN ,88,0,46.15,51.92,1.92,2502,AGTL KOAA SPL
NBQ,NEW BONGAIGAON ,74,17.31,34.62,48.08,0,2502,AGTL KOAA SPL
KOJ,KOKRAJHAR ,85,9.62,34.62,55.77,0,2502,AGTL KOAA SPL
NOQ,NEW ALIPURDAUR ,98,3.85,34.62,61.54,0,2502,AGTL KOAA SPL
NCB,NEW COOCH BEHAR ,127,0,23.08,76.92,0,2502,AGTL KOAA SPL
NJP,NEW JALPAIGURI ,98,15.38,21.15,63.46,0,2502,AGTL KOAA SPL
KNE,KISHANGANJ ,118,11.54,9.62,78.85,0,2502,AGTL KOAA SPL
MLDT,MALDA TOWN ,132,13.46,3.85,82.69,0,2502,AGTL KOAA SPL
JRLE,JANGIPUR ROAD ,156,11.54,3.85,84.62,0,2502,AGTL KOAA SPL
AZ,AZIMGANJ JN ,155,13.46,3.85,82.69,0,2502,AGTL KOAA SPL
KWAE,KATWA ,157,13.46,3.85,82.69,0,2502,AGTL KOAA SPL
NDAE,NABADWIP DHAM ,162,13.46,1.92,84.62,0,2502,AGTL KOAA SPL
BDC,BANDEL JN ,166,13.46,3.85,82.69,0,2502,AGTL KOAA SPL
KOAA,KOLKATA ,165,13.46,5.77,80.77,0,2502,AGTL KOAA SPL
KOAA,KOLKATA ,19,81.13,7.55,11.32,0,2517,KOAA GHY SPL
BDC,BANDEL JN ,26,71.7,15.09,13.21,0,2517,KOAA GHY SPL
NDAE,NABADWIP DHAM ,34,54.72,28.3,16.98,0,2517,KOAA GHY SPL
KWAE,KATWA ,33,64.15,16.98,18.87,0,2517,KOAA GHY SPL
AZ,AZIMGANJ JN ,25,71.7,9.43,18.87,0,2517,KOAA GHY SPL
JRLE,JANGIPUR ROAD ,34,49.06,30.19,20.75,0,2517,KOAA GHY SPL
MLDT,MALDA TOWN ,75,7.55,52.83,39.62,0,2517,KOAA GHY SPL
KNE,KISHANGANJ ,140,0,7.55,92.45,0,2517,KOAA GHY SPL
NJP,NEW JALPAIGURI ,135,5.66,3.77,90.57,0,2517,KOAA GHY SPL
NCB,NEW COOCH BEHAR ,177,1.89,7.55,90.57,0,2517,KOAA GHY SPL
NOQ,NEW ALIPURDAUR ,169,1.89,7.55,90.57,0,2517,KOAA GHY SPL
KOJ,KOKRAJHAR ,191,3.77,5.66,90.57,0,2517,KOAA GHY SPL
NBQ,NEW BONGAIGAON ,180,7.55,0,92.45,0,2517,KOAA GHY SPL
GLPT,GOALPARA TOWN ,194,5.66,1.89,90.57,1.89,2517,KOAA GHY SPL
GHY,GUWAHATI ,186,3.77,7.55,88.68,0,2517,KOAA GHY SPL
GHY,GUWAHATI ,13,75,21.15,3.85,0,2518,GHY KOAA SPECIAL
GLPT,GOALPARA TOWN ,57,3.85,65.38,30.77,0,2518,GHY KOAA SPECIAL
NBQ,NEW BONGAIGAON ,42,23.08,57.69,19.23,0,2518,GHY KOAA SPECIAL
KOJ,KOKRAJHAR ,50,19.23,53.85,26.92,0,2518,GHY KOAA SPECIAL
NOQ,NEW ALIPURDAUR ,65,9.62,48.08,42.31,0,2518,GHY KOAA SPECIAL
NCB,NEW COOCH BEHAR ,95,0,30.77,69.23,0,2518,GHY KOAA SPECIAL
NJP,NEW JALPAIGURI ,66,23.08,36.54,40.38,0,2518,GHY KOAA SPECIAL
KNE,KISHANGANJ ,94,0,46.15,53.85,0,2518,GHY KOAA SPECIAL
MLDT,MALDA TOWN ,124,3.85,13.46,82.69,0,2518,GHY KOAA SPECIAL
JRLE,JANGIPUR ROAD ,146,1.92,7.69,90.38,0,2518,GHY KOAA SPECIAL
AZ,AZIMGANJ JN ,148,1.92,9.62,88.46,0,2518,GHY KOAA SPECIAL
KWAE,KATWA ,150,3.85,11.54,84.62,0,2518,GHY KOAA SPECIAL
NDAE,NABADWIP DHAM ,158,3.85,11.54,84.62,0,2518,GHY KOAA SPECIAL
BDC,BANDEL JN ,160,7.69,7.69,84.62,0,2518,GHY KOAA SPECIAL
KOAA,KOLKATA ,156,7.69,9.62,82.69,0,2518,GHY KOAA SPECIAL
SCL,SILCHAR ,1,100,0,0,0,5639,Silchar - Kolkata Special Fare Special
BPB,BADARPUR JN ,6,86.79,13.21,0,0,5639,Silchar - Kolkata Special Fare Special
NHGJ,NEW HARANGAJAO ,14,66.04,32.08,1.89,0,5639,Silchar - Kolkata Special Fare Special
NHLG,NEW HAFLONG ,18,62.26,33.96,3.77,0,5639,Silchar - Kolkata Special Fare Special
MBG,MAIBANG ,27,22.64,75.47,1.89,0,5639,Silchar - Kolkata Special Fare Special
LMG,LUMDING JN ,13,66.04,32.08,1.89,0,5639,Silchar - Kolkata Special Fare Special
LKA,LANKA ,16,54.72,43.4,1.89,0,5639,Silchar - Kolkata Special Fare Special
HJI,HOJAI ,18,49.06,49.06,1.89,0,5639,Silchar - Kolkata Special Fare Special
GHY,GUWAHATI ,62,30.19,16.98,52.83,0,5639,Silchar - Kolkata Special Fare Special
KYQ,KAMAKHYA ,78,22.64,18.87,58.49,0,5639,Silchar - Kolkata Special Fare Special
GLPT,GOALPARA TOWN ,102,1.89,28.3,69.81,0,5639,Silchar - Kolkata Special Fare Special
NBQ,NEW BONGAIGAON ,83,16.98,22.64,60.38,0,5639,Silchar - Kolkata Special Fare Special
KOJ,KOKRAJHAR ,90,15.09,20.75,64.15,0,5639,Silchar - Kolkata Special Fare Special
GOGH,GOSSAIGAON HAT ,105,1.89,30.19,67.92,0,5639,Silchar - Kolkata Special Fare Special
NOQ,NEW ALIPURDAUR ,109,7.55,22.64,69.81,0,5639,Silchar - Kolkata Special Fare Special
NCB,NEW COOCH BEHAR ,130,0,20.75,79.25,0,5639,Silchar - Kolkata Special Fare Special
DQG,DHUPGURI ,121,3.77,20.75,75.47,0,5639,Silchar - Kolkata Special Fare Special
NJP,NEW JALPAIGURI ,112,13.21,16.98,69.81,0,5639,Silchar - Kolkata Special Fare Special
AUB,ALUABARI ROAD ,126,7.55,18.87,73.58,0,5639,Silchar - Kolkata Special Fare Special
KNE,KISHANGANJ ,136,5.66,20.75,73.58,0,5639,Silchar - Kolkata Special Fare Special
BOE,BARSOI JN ,151,1.89,20.75,77.36,0,5639,Silchar - Kolkata Special Fare Special
KDPR,KUMEDPUR ,159,1.89,18.87,79.25,0,5639,Silchar - Kolkata Special Fare Special
MLDT,MALDA TOWN ,150,7.55,16.98,75.47,0,5639,Silchar - Kolkata Special Fare Special
JRLE,JANGIPUR ROAD ,168,9.43,11.32,79.25,0,5639,Silchar - Kolkata Special Fare Special
AZ,AZIMGANJ JN ,164,9.43,9.43,81.13,0,5639,Silchar - Kolkata Special Fare Special
KWAE,KATWA ,158,13.21,7.55,79.25,0,5639,Silchar - Kolkata Special Fare Special
BDC,BANDEL JN ,148,15.09,15.09,69.81,0,5639,Silchar - Kolkata Special Fare Special
NH,NAIHATI JN ,147,13.21,18.87,67.92,0,5639,Silchar - Kolkata Special Fare Special
KOAA,KOLKATA ,134,22.64,13.21,64.15,0,5639,Silchar - Kolkata Special Fare Special
KOAA,KOLKATA ,161,15.38,17.31,67.31,0,5640,KOAA SCL SPL
NH,NAIHATI JN ,153,19.23,19.23,61.54,0,5640,KOAA SCL SPL
BDC,BANDEL JN ,165,15.38,13.46,71.15,0,5640,KOAA SCL SPL
KWAE,KATWA ,159,11.54,25,63.46,0,5640,KOAA SCL SPL
AZ,AZIMGANJ JN ,137,21.15,15.38,63.46,0,5640,KOAA SCL SPL
JRLE,JANGIPUR ROAD ,126,25,23.08,51.92,0,5640,KOAA SCL SPL
MLDT,MALDA TOWN ,149,19.23,17.31,63.46,0,5640,KOAA SCL SPL
KDPR,KUMEDPUR ,167,7.69,25,67.31,0,5640,KOAA SCL SPL
BOE,BARSOI JN ,165,7.69,26.92,65.38,0,5640,KOAA SCL SPL
KNE,KISHANGANJ ,190,3.85,23.08,73.08,0,5640,KOAA SCL SPL
AUB,ALUABARI ROAD ,194,3.85,23.08,73.08,0,5640,KOAA SCL SPL
NJP,NEW JALPAIGURI ,176,13.46,23.08,63.46,0,5640,KOAA SCL SPL
DQG,DHUPGURI ,172,15.38,17.31,67.31,0,5640,KOAA SCL SPL
NCB,NEW COOCH BEHAR ,194,9.62,13.46,76.92,0,5640,KOAA SCL SPL
NOQ,NEW ALIPURDAUR ,193,5.77,17.31,76.92,0,5640,KOAA SCL SPL
GOGH,GOSSAIGAON HAT ,210,1.92,19.23,78.85,0,5640,KOAA SCL SPL
KOJ,KOKRAJHAR ,226,1.92,15.38,82.69,0,5640,KOAA SCL SPL
NBQ,NEW BONGAIGAON ,238,0,13.46,86.54,0,5640,KOAA SCL SPL
GLPT,GOALPARA TOWN ,237,1.92,9.62,88.46,0,5640,KOAA SCL SPL
KYQ,KAMAKHYA ,237,11.54,5.77,82.69,0,5640,KOAA SCL SPL
GHY,GUWAHATI ,258,1.92,13.46,84.62,0,5640,KOAA SCL SPL
HJI,HOJAI ,278,3.85,7.69,88.46,0,5640,KOAA SCL SPL
LKA,LANKA ,281,3.85,5.77,90.38,0,5640,KOAA SCL SPL
LMG,LUMDING JN ,281,1.92,7.69,90.38,0,5640,KOAA SCL SPL
MBG,MAIBANG ,249,7.69,3.85,88.46,0,5640,KOAA SCL SPL
NHLG,NEW HAFLONG ,258,5.77,7.69,86.54,0,5640,KOAA SCL SPL
NHGJ,NEW HARANGAJAO ,264,1.92,13.46,84.62,0,5640,KOAA SCL SPL
BPB,BADARPUR JN ,239,9.62,7.69,82.69,0,5640,KOAA SCL SPL
SCL,SILCHAR ,224,13.46,3.85,82.69,0,5640,KOAA SCL SPL
GHY,GUWAHATI ,15,87.12,6.85,6.03,0,12346,SARAIGHAT EXP
KYQ,KAMAKHYA ,16,85.75,7.4,6.85,0,12346,SARAIGHAT EXP
NBQ,NEW BONGAIGAON ,32,42.19,44.66,13.15,0,12346,SARAIGHAT EXP
NOQ,NEW ALIPURDAUR ,39,33.97,45.75,20.27,0,12346,SARAIGHAT EXP
NCB,NEW COOCH BEHAR ,55,13.42,56.44,30.14,0,12346,SARAIGHAT EXP
FLK,FALAKATA ,55,10.41,65.21,24.38,0,12346,SARAIGHAT EXP
DQG,DHUPGURI ,53,12.33,49.04,21.92,16.71,12346,SARAIGHAT EXP
NJP,NEW JALPAIGURI ,40,42.74,33.97,23.29,0,12346,SARAIGHAT EXP
KNE,KISHANGANJ ,53,16.44,57.26,26.3,0,12346,SARAIGHAT EXP
MLDT,MALDA TOWN ,46,32.6,42.19,25.21,0,12346,SARAIGHAT EXP
NFK,NEW FARAKKA JN ,43,58.36,15.34,26.3,0,12346,SARAIGHAT EXP
RPH,RAMPUR HAT ,59,27.95,36.44,35.34,0.27,12346,SARAIGHAT EXP
BHP,BOLPUR S NIKTN ,71,16.71,42.19,40.82,0.27,12346,SARAIGHAT EXP
BWN,BARDDHAMAN JN ,58,36.99,30.14,32.6,0.27,12346,SARAIGHAT EXP
HWH,HOWRAH JN ,49,49.59,20,30.41,0,12346,SARAIGHAT EXP
DBRG,DIBRUGARH ,8,78.9,0.82,2.19,18.08,12423,DBRT NDLS RAJDHANI
DBRT,DIBRUGARH TOWN ,3,17.81,0,0.27,81.92,12423,DBRT NDLS RAJDHANI
NTSK,NEW TINSUKIA JN ,9,94.25,2.74,2.47,0.55,12423,DBRT NDLS RAJDHANI
MXN,MARIANI JN ,21,65.48,29.04,5.48,0,12423,DBRT NDLS RAJDHANI
DMV,DIMAPUR ,26,49.86,43.01,7.12,0,12423,DBRT NDLS RAJDHANI
LMG,LUMDING JN ,35,28.49,59.45,12.05,0,12423,DBRT NDLS RAJDHANI
CPK,CHAPARMUKH JN ,42,15.89,68.77,15.34,0,12423,DBRT NDLS RAJDHANI
GHY,GUWAHATI ,34,40.82,45.48,13.7,0,12423,DBRT NDLS RAJDHANI
BNGN,BONGAIGAON ,27,1.1,2.74,0.27,95.89,12423,DBRT NDLS RAJDHANI
NBQ,NEW BONGAIGAON ,44,33.97,37.81,24.11,4.11,12423,DBRT NDLS RAJDHANI
KOJ,KOKRAJHAR ,50,29.59,43.84,26.58,0,12423,DBRT NDLS RAJDHANI
NCB,NEW COOCH BEHAR ,67,12.88,46.58,40.55,0,12423,DBRT NDLS RAJDHANI
NJP,NEW JALPAIGURI ,48,48.77,24.38,26.85,0,12423,DBRT NDLS RAJDHANI
KNE,KISHANGANJ ,57,39.73,30.96,29.32,0,12423,DBRT NDLS RAJDHANI
KIR,KATIHAR JN ,50,58.36,13.7,27.95,0,12423,DBRT NDLS RAJDHANI
NNA,NAUGACHIA ,53,53.7,18.9,27.4,0,12423,DBRT NDLS RAJDHANI
BJU,BARAUNI JN ,60,38.36,31.23,30.41,0,12423,DBRT NDLS RAJDHANI
PPTA,PATLIPUTRA ,42,64.93,11.78,23.29,0,12423,DBRT NDLS RAJDHANI
DNR,DANAPUR ,45,63.29,12.6,24.11,0,12423,DBRT NDLS RAJDHANI
DDU,PT DEEN DAYAL UPADHYAY JN ,40,70.41,7.12,22.47,0,12423,DBRT NDLS RAJDHANI
PRYJ,PRAYAGRAJ JN ,62,48.49,25.75,25.75,0,12423,DBRT NDLS RAJDHANI
CNB,KANPUR CENTRAL ,76,31.78,40,28.22,0,12423,DBRT NDLS RAJDHANI
NDLS,NEW DELHI ,88,61.37,9.04,29.59,0,12423,DBRT NDLS RAJDHANI
NDLS,NEW DELHI ,5,96.71,1.92,1.37,0,12424,DBRT RAJDHANI
CNB,KANPUR CENTRAL ,21,66.3,28.22,5.48,0,12424,DBRT RAJDHANI
PRYJ,PRAYAGRAJ JN ,39,30.41,58.63,10.96,0,12424,DBRT RAJDHANI
DDU,PT DEEN DAYAL UPADHYAY JN ,33,77.53,12.33,10.14,0,12424,DBRT RAJDHANI
DNR,DANAPUR ,46,53.7,33.97,12.33,0,12424,DBRT RAJDHANI
PPTA,PATLIPUTRA ,36,73.15,15.07,11.78,0,12424,DBRT RAJDHANI
BJU,BARAUNI JN ,25,73.7,11.23,8.49,6.58,12424,DBRT RAJDHANI
NNA,NAUGACHIA ,34,53.42,30.14,9.86,6.58,12424,DBRT RAJDHANI
KIR,KATIHAR JN ,35,75.62,11.51,11.51,1.37,12424,DBRT RAJDHANI
KNE,KISHANGANJ ,55,21.37,63.29,13.97,1.37,12424,DBRT RAJDHANI
NJP,NEW JALPAIGURI ,46,63.84,21.92,14.25,0,12424,DBRT RAJDHANI
NCB,NEW COOCH BEHAR ,42,68.22,16.99,14.79,0,12424,DBRT RAJDHANI
KOJ,KOKRAJHAR ,56,47.67,33.97,18.36,0,12424,DBRT RAJDHANI
NBQ,NEW BONGAIGAON ,47,66.03,18.08,15.89,0,12424,DBRT RAJDHANI
GHY,GUWAHATI ,89,16.16,44.93,38.9,0,12424,DBRT RAJDHANI
CPK,CHAPARMUKH JN ,102,7.95,43.01,49.04,0,12424,DBRT RAJDHANI
LMG,LUMDING JN ,89,20.55,39.18,40.27,0,12424,DBRT RAJDHANI
DMV,DIMAPUR ,98,16.71,39.73,43.56,0,12424,DBRT RAJDHANI
MXN,MARIANI JN ,85,26.3,35.89,37.81,0,12424,DBRT RAJDHANI
NTSK,NEW TINSUKIA JN ,93,15.89,44.93,39.18,0,12424,DBRT RAJDHANI
DBRG,DIBRUGARH ,91,43.01,8.22,30.96,17.81,12424,DBRT RAJDHANI
DBRT,DIBRUGARH TOWN ,16,13.97,2.47,1.37,82.19,12424,DBRT RAJDHANI
SMVB,SMVT BENGALURU ,166,49.04,11.54,34.62,4.81,12503,AGTL HUMSAFAR
WFD,WHITEFIELD ,182,40.38,13.46,41.35,4.81,12503,AGTL HUMSAFAR
KPD,KATPADI JN ,205,27.88,22.12,45.19,4.81,12503,AGTL HUMSAFAR
PER,PERAMBUR ,209,24.04,24.04,47.12,4.81,12503,AGTL HUMSAFAR
BZA,VIJAYAWADA JN ,247,10.58,21.15,63.46,4.81,12503,AGTL HUMSAFAR
DVD,DUVVADA ,229,32.69,6.73,55.77,4.81,12503,AGTL HUMSAFAR
VSKP,VISHAKAPATNAM ,237,29.81,8.65,56.73,4.81,12503,AGTL HUMSAFAR
VZM,VIZIANAGRAM JN ,243,21.15,16.35,57.69,4.81,12503,AGTL HUMSAFAR
CHE,SRIKAKULAM ROAD ,247,20.19,18.27,55.77,5.77,12503,AGTL HUMSAFAR
PSA,PALASA ,243,25,12.5,56.73,5.77,12503,AGTL HUMSAFAR
BAM,BRAHMAPUR ,259,12.5,23.08,58.65,5.77,12503,AGTL HUMSAFAR
KUR,KHURDA ROAD JN ,285,2.88,23.08,68.27,5.77,12503,AGTL HUMSAFAR
BBS,BHUBANESWAR ,289,2.88,19.23,72.12,5.77,12503,AGTL HUMSAFAR
CTC,CUTTACK ,299,0,17.31,76.92,5.77,12503,AGTL HUMSAFAR
BHC,BHADRAKH ,277,8.65,23.08,61.54,6.73,12503,AGTL HUMSAFAR
KGP,KHARAGPUR JN ,314,4.81,16.35,74.04,4.81,12503,AGTL HUMSAFAR
ADL,ANDUL ,329,2.88,16.35,75.96,4.81,12503,AGTL HUMSAFAR
DKAE,DANKUNI ,331,4.81,15.38,70.19,9.62,12503,AGTL HUMSAFAR
RPH,RAMPUR HAT ,393,0.96,5.77,83.65,9.62,12503,AGTL HUMSAFAR
MLDT,MALDA TOWN ,402,1.92,5.77,87.5,4.81,12503,AGTL HUMSAFAR
KNE,KISHANGANJ ,450,0.96,3.85,90.38,4.81,12503,AGTL HUMSAFAR
NJP,NEW JALPAIGURI ,438,1.92,3.85,89.42,4.81,12503,AGTL HUMSAFAR
NBQ,NEW BONGAIGAON ,456,0.96,4.81,89.42,4.81,12503,AGTL HUMSAFAR
KYQ,KAMAKHYA ,472,1.92,1.92,91.35,4.81,12503,AGTL HUMSAFAR
GHY,GUWAHATI ,497,0,3.85,91.35,4.81,12503,AGTL HUMSAFAR
NHLG,NEW HAFLONG ,518,0.96,1.92,92.31,4.81,12503,AGTL HUMSAFAR
BPB,BADARPUR JN ,506,0,3.85,91.35,4.81,12503,AGTL HUMSAFAR
NKMG,NEW KARIMGANJ ,503,0,3.85,91.35,4.81,12503,AGTL HUMSAFAR
DMR,DHARMANAGAR ,493,0.96,3.85,90.38,4.81,12503,AGTL HUMSAFAR
ABSA,AMBASA ,492,0.96,3.85,89.42,5.77,12503,AGTL HUMSAFAR
AGTL,AGARTALA ,457,5.77,5.77,82.69,5.77,12503,AGTL HUMSAFAR
AGTL,AGARTALA ,60,77.88,2.88,13.46,5.77,12504,AGTL SMVB HUMSAFAR
ABSA,AMBASA ,72,60.58,18.27,15.38,5.77,12504,AGTL SMVB HUMSAFAR
DMR,DHARMANAGAR ,76,64.42,12.5,17.31,5.77,12504,AGTL SMVB HUMSAFAR
NKMG,NEW KARIMGANJ ,77,64.42,12.5,17.31,5.77,12504,AGTL SMVB HUMSAFAR
BPB,BADARPUR JN ,86,51.92,25,17.31,5.77,12504,AGTL SMVB HUMSAFAR
NHLG,NEW HAFLONG ,92,44.23,29.81,20.19,5.77,12504,AGTL SMVB HUMSAFAR
GHY,GUWAHATI ,87,50,25,19.23,5.77,12504,AGTL SMVB HUMSAFAR
KYQ,KAMAKHYA ,97,22.12,51.92,20.19,5.77,12504,AGTL SMVB HUMSAFAR
NBQ,NEW BONGAIGAON ,81,59.62,13.46,21.15,5.77,12504,AGTL SMVB HUMSAFAR
NJP,NEW JALPAIGURI ,104,28.85,34.62,30.77,5.77,12504,AGTL SMVB HUMSAFAR
KNE,KISHANGANJ ,121,9.62,47.12,37.5,5.77,12504,AGTL SMVB HUMSAFAR
MLDT,MALDA TOWN ,117,35.58,19.23,39.42,5.77,12504,AGTL SMVB HUMSAFAR
RPH,RAMPUR HAT ,152,8.65,33.65,46.15,11.54,12504,AGTL SMVB HUMSAFAR
DKAE,DANKUNI ,165,11.54,25,51.92,11.54,12504,AGTL SMVB HUMSAFAR
ADL,ANDUL ,168,10.58,26.92,56.73,5.77,12504,AGTL SMVB HUMSAFAR
KGP,KHARAGPUR JN ,185,10.58,18.27,65.38,5.77,12504,AGTL SMVB HUMSAFAR
BHC,BHADRAKH ,189,13.46,15.38,64.42,6.73,12504,AGTL SMVB HUMSAFAR
CTC,CUTTACK ,224,4.81,9.62,78.85,6.73,12504,AGTL SMVB HUMSAFAR
BBS,BHUBANESWAR ,240,0,10.58,82.69,6.73,12504,AGTL SMVB HUMSAFAR
KUR,KHURDA ROAD JN ,256,0,7.69,85.58,6.73,12504,AGTL SMVB HUMSAFAR
BAM,BRAHMAPUR ,288,0,2.88,90.38,6.73,12504,AGTL SMVB HUMSAFAR
PSA,PALASA ,254,0.96,3.85,88.46,6.73,12504,AGTL SMVB HUMSAFAR
CHE,SRIKAKULAM ROAD ,267,0.96,1.92,90.38,6.73,12504,AGTL SMVB HUMSAFAR
VZM,VIZIANAGRAM JN ,277,0.96,1.92,91.35,5.77,12504,AGTL SMVB HUMSAFAR
VSKP,VISHAKAPATNAM ,289,0.96,2.88,89.42,6.73,12504,AGTL SMVB HUMSAFAR
DVD,DUVVADA ,286,0.96,3.85,88.46,6.73,12504,AGTL SMVB HUMSAFAR
BZA,VIJAYAWADA JN ,345,0,2.88,91.35,5.77,12504,AGTL SMVB HUMSAFAR
PER,PERAMBUR ,381,0,1.92,90.38,7.69,12504,AGTL SMVB HUMSAFAR
KPD,KATPADI JN ,359,0.96,1.92,91.35,5.77,12504,AGTL SMVB HUMSAFAR
WFD,WHITEFIELD ,371,0,3.85,90.38,5.77,12504,AGTL SMVB HUMSAFAR
SMVB,SMVT BENGALURU ,342,1.92,3.85,88.46,5.77,12504,AGTL SMVB HUMSAFAR
TVC,TRIVANDRUM CNTL ,6,86.54,7.69,1.92,3.85,12507,ARONAI EXPRESS
QLN,KOLLAM JN ,15,65.38,28.85,1.92,3.85,12507,ARONAI EXPRESS
KYJ,KAYANKULAM JN ,17,59.62,34.62,1.92,3.85,12507,ARONAI EXPRESS
MVLK,MAVELIKARA ,19,53.85,40.38,1.92,3.85,12507,ARONAI EXPRESS
CNGR,CHENGANNUR ,24,34.62,59.62,1.92,3.85,12507,ARONAI EXPRESS
TRVL,TIRUVALLA ,27,26.92,63.46,5.77,3.85,12507,ARONAI EXPRESS
KTYM,KOTTAYAM ,21,42.31,51.92,1.92,3.85,12507,ARONAI EXPRESS
ERN,ERNAKULAM TOWN ,18,57.69,34.62,3.85,3.85,12507,ARONAI EXPRESS
AWY,ALUVA ,20,51.92,38.46,5.77,3.85,12507,ARONAI EXPRESS
TCR,THRISUR ,26,42.31,44.23,9.62,3.85,12507,ARONAI EXPRESS
PGT,PALAKKAD JN ,17,63.46,26.92,5.77,3.85,12507,ARONAI EXPRESS
CBE,COIMBATORE JN ,23,44.23,46.15,5.77,3.85,12507,ARONAI EXPRESS
TUP,TIRUPPUR ,28,40.38,48.08,7.69,3.85,12507,ARONAI EXPRESS
ED,ERODE JN ,34,25,61.54,9.62,3.85,12507,ARONAI EXPRESS
SA,SALEM JN ,35,15.38,69.23,11.54,3.85,12507,ARONAI EXPRESS
JTJ,JOLARPETTAI ,29,38.46,46.15,11.54,3.85,12507,ARONAI EXPRESS
KPD,KATPADI JN ,36,21.15,63.46,11.54,3.85,12507,ARONAI EXPRESS
AJJ,ARAKKONAM ,39,13.46,65.38,15.38,5.77,12507,ARONAI EXPRESS
PER,PERAMBUR ,45,9.62,65.38,19.23,5.77,12507,ARONAI EXPRESS
OGL,ONGOLE ,62,0,59.62,36.54,3.85,12507,ARONAI EXPRESS
BZA,VIJAYAWADA JN ,70,3.85,44.23,48.08,3.85,12507,ARONAI EXPRESS
RJY,RAJAMUNDRY ,99,0,17.31,78.85,3.85,12507,ARONAI EXPRESS
VSKP,VISHAKAPATNAM ,128,1.92,11.54,82.69,3.85,12507,ARONAI EXPRESS
VZM,VIZIANAGRAM JN ,139,1.92,7.69,86.54,3.85,12507,ARONAI EXPRESS
CHE,SRIKAKULAM ROAD ,145,0,9.62,86.54,3.85,12507,ARONAI EXPRESS
PSA,PALASA ,135,1.92,13.46,80.77,3.85,12507,ARONAI EXPRESS
BAM,BRAHMAPUR ,144,0,5.77,90.38,3.85,12507,ARONAI EXPRESS
BALU,BALUGAN ,169,0,3.85,92.31,3.85,12507,ARONAI EXPRESS
KUR,KHURDA ROAD JN ,167,0,1.92,94.23,3.85,12507,ARONAI EXPRESS
BBS,BHUBANESWAR ,176,0,0,96.15,3.85,12507,ARONAI EXPRESS
CTC,CUTTACK ,170,0,3.85,92.31,3.85,12507,ARONAI EXPRESS
JJKR,JAJPUR K ROAD ,186,0,1.92,94.23,3.85,12507,ARONAI EXPRESS
BHC,BHADRAKH ,186,0,1.92,94.23,3.85,12507,ARONAI EXPRESS
BLS,BALASORE ,201,0,3.85,92.31,3.85,12507,ARONAI EXPRESS
KGP,KHARAGPUR JN ,218,0,3.85,92.31,3.85,12507,ARONAI EXPRESS
DKAE,DANKUNI ,237,0,1.92,88.46,9.62,12507,ARONAI EXPRESS
BHP,BOLPUR S NIKTN ,299,0,0,90.38,9.62,12507,ARONAI EXPRESS
RPH,RAMPUR HAT ,321,0,0,90.38,9.62,12507,ARONAI EXPRESS
PKR,PAKUR ,339,0,0,90.38,9.62,12507,ARONAI EXPRESS
MLDT,MALDA TOWN ,314,0,1.92,94.23,3.85,12507,ARONAI EXPRESS
KNE,KISHANGANJ ,359,0,0,96.15,3.85,12507,ARONAI EXPRESS
NJP,NEW JALPAIGURI ,344,0,0,96.15,3.85,12507,ARONAI EXPRESS
DQG,DHUPGURI ,348,0,0,96.15,3.85,12507,ARONAI EXPRESS
NCB,NEW COOCH BEHAR ,356,0,0,96.15,3.85,12507,ARONAI EXPRESS
NOQ,NEW ALIPURDAUR ,364,0,0,96.15,3.85,12507,ARONAI EXPRESS
KOJ,KOKRAJHAR ,373,0,0,96.15,3.85,12507,ARONAI EXPRESS
NBQ,NEW BONGAIGAON ,353,0,1.92,94.23,3.85,12507,ARONAI EXPRESS
BPRD,BARPETA ROAD ,388,0,1.92,94.23,3.85,12507,ARONAI EXPRESS
RNY,RANGIYA JN ,447,0,0,96.15,3.85,12507,ARONAI EXPRESS
KYQ,KAMAKHYA ,455,0,1.92,94.23,3.85,12507,ARONAI EXPRESS
GHY,GUWAHATI ,475,0,0,96.15,3.85,12507,ARONAI EXPRESS
HJI,HOJAI ,529,0,0,96.15,3.85,12507,ARONAI EXPRESS
LMG,LUMDING JN ,567,0,0,94.23,5.77,12507,ARONAI EXPRESS
MBG,MAIBANG ,570,0,0,96.15,3.85,12507,ARONAI EXPRESS
NHLG,NEW HAFLONG ,552,0,0,96.15,3.85,12507,ARONAI EXPRESS
BPB,BADARPUR JN ,512,0,1.92,94.23,3.85,12507,ARONAI EXPRESS
SCL,SILCHAR ,479,1.92,0,94.23,3.85,12507,ARONAI EXPRESS
SCL,SILCHAR ,18,84.91,5.66,5.66,3.77,12508,ARONAI EXPRESS
BPB,BADARPUR JN ,33,62.26,22.64,11.32,3.77,12508,ARONAI EXPRESS
NHLG,NEW HAFLONG ,29,67.92,18.87,9.43,3.77,12508,ARONAI EXPRESS
MBG,MAIBANG ,25,69.81,16.98,9.43,3.77,12508,ARONAI EXPRESS
LMG,LUMDING JN ,46,30.19,47.17,18.87,3.77,12508,ARONAI EXPRESS
HJI,HOJAI ,51,26.42,47.17,22.64,3.77,12508,ARONAI EXPRESS
GHY,GUWAHATI ,78,24.53,24.53,47.17,3.77,12508,ARONAI EXPRESS
KYQ,KAMAKHYA ,82,20.75,28.3,47.17,3.77,12508,ARONAI EXPRESS
RNY,RANGIYA JN ,106,5.66,28.3,62.26,3.77,12508,ARONAI EXPRESS
BPRD,BARPETA ROAD ,132,0,18.87,77.36,3.77,12508,ARONAI EXPRESS
BNGN,BONGAIGAON ,219,0,0,3.77,96.23,12508,ARONAI EXPRESS
NBQ,NEW BONGAIGAON ,95,11.32,22.64,58.49,7.55,12508,ARONAI EXPRESS
KOJ,KOKRAJHAR ,105,11.32,24.53,60.38,3.77,12508,ARONAI EXPRESS
NOQ,NEW ALIPURDAUR ,124,3.77,22.64,69.81,3.77,12508,ARONAI EXPRESS
NCB,NEW COOCH BEHAR ,132,1.89,15.09,79.25,3.77,12508,ARONAI EXPRESS
DQG,DHUPGURI ,137,0,15.09,79.25,5.66,12508,ARONAI EXPRESS
NJP,NEW JALPAIGURI ,109,18.87,18.87,58.49,3.77,12508,ARONAI EXPRESS
KNE,KISHANGANJ ,133,7.55,15.09,73.58,3.77,12508,ARONAI EXPRESS
MLDT,MALDA TOWN ,113,24.53,22.64,49.06,3.77,12508,ARONAI EXPRESS
PKR,PAKUR ,114,24.53,22.64,43.4,9.43,12508,ARONAI EXPRESS
RPH,RAMPUR HAT ,113,18.87,20.75,50.94,9.43,12508,ARONAI EXPRESS
BHP,BOLPUR S NIKTN ,129,7.55,22.64,60.38,9.43,12508,ARONAI EXPRESS
DKAE,DANKUNI ,168,1.89,20.75,64.15,13.21,12508,ARONAI EXPRESS
KGP,KHARAGPUR JN ,170,7.55,20.75,67.92,3.77,12508,ARONAI EXPRESS
BLS,BALASORE ,177,5.66,22.64,66.04,5.66,12508,ARONAI EXPRESS
BHC,BHADRAKH ,192,3.77,16.98,73.58,5.66,12508,ARONAI EXPRESS
JJKR,JAJPUR K ROAD ,200,1.89,13.21,79.25,5.66,12508,ARONAI EXPRESS
CTC,CUTTACK ,213,3.77,11.32,79.25,5.66,12508,ARONAI EXPRESS
BBS,BHUBANESWAR ,220,3.77,11.32,79.25,5.66,12508,ARONAI EXPRESS
KUR,KHURDA ROAD JN ,222,3.77,11.32,79.25,5.66,12508,ARONAI EXPRESS
BALU,BALUGAN ,241,1.89,7.55,84.91,5.66,12508,ARONAI EXPRESS
BAM,BRAHMAPUR ,243,3.77,5.66,84.91,5.66,12508,ARONAI EXPRESS
PSA,PALASA ,222,3.77,16.98,73.58,5.66,12508,ARONAI EXPRESS
CHE,SRIKAKULAM ROAD ,232,3.77,5.66,84.91,5.66,12508,ARONAI EXPRESS
VZM,VIZIANAGRAM JN ,248,3.77,5.66,86.79,3.77,12508,ARONAI EXPRESS
VSKP,VISHAKAPATNAM ,254,5.66,7.55,83.02,3.77,12508,ARONAI EXPRESS
RJY,RAJAMUNDRY ,284,0,7.55,88.68,3.77,12508,ARONAI EXPRESS
BZA,VIJAYAWADA JN ,291,1.89,3.77,90.57,3.77,12508,ARONAI EXPRESS
PER,PERAMBUR ,312,3.77,3.77,88.68,3.77,12508,ARONAI EXPRESS
AJJ,ARAKKONAM ,310,3.77,3.77,88.68,3.77,12508,ARONAI EXPRESS
KPD,KATPADI JN ,305,3.77,3.77,88.68,3.77,12508,ARONAI EXPRESS
JTJ,JOLARPETTAI ,302,3.77,5.66,86.79,3.77,12508,ARONAI EXPRESS
SA,SALEM JN ,310,3.77,7.55,84.91,3.77,12508,ARONAI EXPRESS
ED,ERODE JN ,309,3.77,9.43,83.02,3.77,12508,ARONAI EXPRESS
TUP,TIRUPPUR ,310,1.89,13.21,81.13,3.77,12508,ARONAI EXPRESS
CBE,COIMBATORE JN ,300,3.77,13.21,79.25,3.77,12508,ARONAI EXPRESS
PGT,PALAKKAD JN ,309,3.77,15.09,77.36,3.77,12508,ARONAI EXPRESS
TCR,THRISUR ,316,9.43,7.55,79.25,3.77,12508,ARONAI EXPRESS
AWY,ALUVA ,309,13.21,3.77,79.25,3.77,12508,ARONAI EXPRESS
ERN,ERNAKULAM TOWN ,315,13.21,3.77,79.25,3.77,12508,ARONAI EXPRESS
KTYM,KOTTAYAM ,316,13.21,3.77,79.25,3.77,12508,ARONAI EXPRESS
TRVL,TIRUVALLA ,314,13.21,3.77,79.25,3.77,12508,ARONAI EXPRESS
CNGR,CHENGANNUR ,316,13.21,3.77,79.25,3.77,12508,ARONAI EXPRESS
MVLK,MAVELIKARA ,318,13.21,3.77,79.25,3.77,12508,ARONAI EXPRESS
KYJ,KAYANKULAM JN ,317,13.21,3.77,79.25,3.77,12508,ARONAI EXPRESS
QLN,KOLLAM JN ,317,9.43,7.55,79.25,3.77,12508,ARONAI EXPRESS
TVC,TRIVANDRUM CNTL ,292,15.09,1.89,79.25,3.77,12508,ARONAI EXPRESS
SMVB,SMVT BENGALURU ,9,84.08,7.64,2.55,5.73,12509,GUWAHATI EXP
KJM,KRISHNARAJAPURM ,19,65.61,24.84,3.82,5.73,12509,GUWAHATI EXP
BWT,BANGARAPET ,28,33.12,53.5,7.64,5.73,12509,GUWAHATI EXP
JTJ,JOLARPETTAI ,22,63.69,23.57,7.01,5.73,12509,GUWAHATI EXP
KPD,KATPADI JN ,26,52.87,31.85,9.55,5.73,12509,GUWAHATI EXP
AJJ,ARAKKONAM ,32,42.68,38.22,13.38,5.73,12509,GUWAHATI EXP
PER,PERAMBUR ,37,26.75,53.5,14.01,5.73,12509,GUWAHATI EXP
OGL,ONGOLE ,40,25.48,50.32,18.47,5.73,12509,GUWAHATI EXP
BZA,VIJAYAWADA JN ,47,28.66,42.04,23.57,5.73,12509,GUWAHATI EXP
RJY,RAJAMUNDRY ,90,7.01,27.39,59.87,5.73,12509,GUWAHATI EXP
VSKP,VISHAKAPATNAM ,93,18.47,22.93,52.87,5.73,12509,GUWAHATI EXP
VZM,VIZIANAGRAM JN ,105,10.19,28.66,55.41,5.73,12509,GUWAHATI EXP
CHE,SRIKAKULAM ROAD ,110,5.73,31.21,56.69,6.37,12509,GUWAHATI EXP
PSA,PALASA ,104,15.92,22.93,54.78,6.37,12509,GUWAHATI EXP
BAM,BRAHMAPUR ,104,15.92,24.2,53.5,6.37,12509,GUWAHATI EXP
BALU,BALUGAN ,115,6.37,26.75,60.51,6.37,12509,GUWAHATI EXP
KUR,KHURDA ROAD JN ,126,3.82,25.48,64.33,6.37,12509,GUWAHATI EXP
BBS,BHUBANESWAR ,130,3.82,24.84,64.97,6.37,12509,GUWAHATI EXP
CTC,CUTTACK ,131,2.55,21.02,66.24,10.19,12509,GUWAHATI EXP
JJKR,JAJPUR K ROAD ,149,1.27,12.74,75.8,10.19,12509,GUWAHATI EXP
BHC,BHADRAKH ,126,5.73,21.66,62.42,10.19,12509,GUWAHATI EXP
BLS,BALASORE ,139,3.82,19.11,66.88,10.19,12509,GUWAHATI EXP
KGP,KHARAGPUR JN ,148,2.55,17.2,70.7,9.55,12509,GUWAHATI EXP
DKAE,DANKUNI ,155,6.37,9.55,73.25,10.83,12509,GUWAHATI EXP
BHP,BOLPUR S NIKTN ,189,3.18,6.37,79.62,10.83,12509,GUWAHATI EXP
RPH,RAMPUR HAT ,201,3.82,5.73,79.62,10.83,12509,GUWAHATI EXP
NFK,NEW FARAKKA JN ,201,2.55,6.37,85.35,5.73,12509,GUWAHATI EXP
MLDT,MALDA TOWN ,186,4.46,10.83,78.98,5.73,12509,GUWAHATI EXP
BOE,BARSOI JN ,225,0,6.37,87.9,5.73,12509,GUWAHATI EXP
KNE,KISHANGANJ ,244,0,5.1,89.17,5.73,12509,GUWAHATI EXP
NJP,NEW JALPAIGURI ,230,1.91,5.1,87.26,5.73,12509,GUWAHATI EXP
JPE,JALPAIGURI ROAD ,233,2.55,3.82,87.9,5.73,12509,GUWAHATI EXP
DQG,DHUPGURI ,240,1.91,3.18,89.17,5.73,12509,GUWAHATI EXP
NCB,NEW COOCH BEHAR ,247,1.91,2.55,89.81,5.73,12509,GUWAHATI EXP
NOQ,NEW ALIPURDAUR ,250,1.91,1.91,90.45,5.73,12509,GUWAHATI EXP
KOJ,KOKRAJHAR ,270,1.27,1.27,91.72,5.73,12509,GUWAHATI EXP
NBQ,NEW BONGAIGAON ,255,1.91,3.82,88.54,5.73,12509,GUWAHATI EXP
BPRD,BARPETA ROAD ,295,1.27,1.91,89.81,7.01,12509,GUWAHATI EXP
RNY,RANGIYA JN ,329,0.64,2.55,89.81,7.01,12509,GUWAHATI EXP
KYQ,KAMAKHYA ,326,1.91,4.46,87.9,5.73,12509,GUWAHATI EXP
GHY,GUWAHATI ,311,3.82,5.1,85.35,5.73,12509,GUWAHATI EXP
GHY,GUWAHATI ,26,80.13,3.21,10.9,5.77,12510,GHY SMVB EXPRESS
KYQ,KAMAKHYA ,30,76.28,5.13,12.82,5.77,12510,GHY SMVB EXPRESS
RNY,RANGIYA JN ,49,34.62,41.03,15.38,8.97,12510,GHY SMVB EXPRESS
BPRD,BARPETA ROAD ,83,8.97,43.59,38.46,8.97,12510,GHY SMVB EXPRESS
BNGN,BONGAIGAON ,74,0.64,1.92,0.64,96.79,12510,GHY SMVB EXPRESS
NBQ,NEW BONGAIGAON ,55,40.38,30.13,20.51,8.97,12510,GHY SMVB EXPRESS
KOJ,KOKRAJHAR ,63,32.69,37.18,24.36,5.77,12510,GHY SMVB EXPRESS
NOQ,NEW ALIPURDAUR ,80,5.77,54.49,33.97,5.77,12510,GHY SMVB EXPRESS
NCB,NEW COOCH BEHAR ,90,2.56,47.44,44.23,5.77,12510,GHY SMVB EXPRESS
DQG,DHUPGURI ,93,3.85,44.87,45.51,5.77,12510,GHY SMVB EXPRESS
JPE,JALPAIGURI ROAD ,87,7.69,46.79,39.74,5.77,12510,GHY SMVB EXPRESS
NJP,NEW JALPAIGURI ,67,32.69,35.9,25.64,5.77,12510,GHY SMVB EXPRESS
KNE,KISHANGANJ ,96,5.13,42.95,45.51,6.41,12510,GHY SMVB EXPRESS
BOE,BARSOI JN ,95,1.92,51.28,40.38,6.41,12510,GHY SMVB EXPRESS
MLDT,MALDA TOWN ,71,44.87,16.67,32.05,6.41,12510,GHY SMVB EXPRESS
NFK,NEW FARAKKA JN ,81,35.26,20.51,37.82,6.41,12510,GHY SMVB EXPRESS
RPH,RAMPUR HAT ,73,32.69,23.72,29.49,14.1,12510,GHY SMVB EXPRESS
BHP,BOLPUR S NIKTN ,90,8.97,36.54,40.38,14.1,12510,GHY SMVB EXPRESS
DKAE,DANKUNI ,118,0,28.85,55.77,15.38,12510,GHY SMVB EXPRESS
KGP,KHARAGPUR JN ,127,6.41,29.49,55.77,8.33,12510,GHY SMVB EXPRESS
BLS,BALASORE ,136,7.69,23.72,60.26,8.33,12510,GHY SMVB EXPRESS
BHC,BHADRAKH ,150,5.77,19.23,66.67,8.33,12510,GHY SMVB EXPRESS
JJKR,JAJPUR K ROAD ,157,2.56,17.31,71.79,8.33,12510,GHY SMVB EXPRESS
CTC,CUTTACK ,175,1.28,16.03,74.36,8.33,12510,GHY SMVB EXPRESS
BBS,BHUBANESWAR ,178,2.56,14.1,75,8.33,12510,GHY SMVB EXPRESS
KUR,KHURDA ROAD JN ,180,4.49,12.18,75,8.33,12510,GHY SMVB EXPRESS
BALU,BALUGAN ,200,1.28,10.26,80.13,8.33,12510,GHY SMVB EXPRESS
BAM,BRAHMAPUR ,205,1.92,8.97,80.77,8.33,12510,GHY SMVB EXPRESS
PSA,PALASA ,191,4.49,11.54,75.64,8.33,12510,GHY SMVB EXPRESS
CHE,SRIKAKULAM ROAD ,201,2.56,8.33,80.77,8.33,12510,GHY SMVB EXPRESS
VZM,VIZIANAGRAM JN ,204,1.92,10.26,79.49,8.33,12510,GHY SMVB EXPRESS
VSKP,VISHAKAPATNAM ,210,2.56,12.18,76.92,8.33,12510,GHY SMVB EXPRESS
RJY,RAJAMUNDRY ,248,0,5.77,85.9,8.33,12510,GHY SMVB EXPRESS
BZA,VIJAYAWADA JN ,255,0.64,5.77,85.26,8.33,12510,GHY SMVB EXPRESS
PER,PERAMBUR ,281,1.92,5.13,83.97,8.97,12510,GHY SMVB EXPRESS
AJJ,ARAKKONAM ,286,1.28,5.77,83.97,8.97,12510,GHY SMVB EXPRESS
KPD,KATPADI JN ,280,2.56,5.13,83.97,8.33,12510,GHY SMVB EXPRESS
JTJ,JOLARPETTAI ,286,3.21,4.49,83.97,8.33,12510,GHY SMVB EXPRESS
BWT,BANGARAPET ,301,3.21,3.85,84.62,8.33,12510,GHY SMVB EXPRESS
KJM,KRISHNARAJAPURM ,296,3.21,5.13,83.33,8.33,12510,GHY SMVB EXPRESS
SMVB,SMVT BENGALURU ,282,5.13,5.13,81.41,8.33,12510,GHY SMVB EXPRESS
CBE,COIMBATORE JN ,7,90.38,3.85,1.92,3.85,12515,CBE SCL EXP
TUP,TIRUPPUR ,20,57.69,36.54,1.92,3.85,12515,CBE SCL EXP
ED,ERODE JN ,25,38.46,55.77,1.92,3.85,12515,CBE SCL EXP
SA,SALEM JN ,33,34.62,57.69,3.85,3.85,12515,CBE SCL EXP
JTJ,JOLARPETTAI ,31,55.77,28.85,11.54,3.85,12515,CBE SCL EXP
KPD,KATPADI JN ,38,51.92,30.77,13.46,3.85,12515,CBE SCL EXP
AJJ,ARAKKONAM ,44,42.31,32.69,19.23,5.77,12515,CBE SCL EXP
PER,PERAMBUR ,48,34.62,40.38,19.23,5.77,12515,CBE SCL EXP
OGL,ONGOLE ,63,30.77,46.15,17.31,5.77,12515,CBE SCL EXP
BZA,VIJAYAWADA JN ,60,34.62,40.38,21.15,3.85,12515,CBE SCL EXP
RJY,RAJAMUNDRY ,83,21.15,38.46,36.54,3.85,12515,CBE SCL EXP
VSKP,VISHAKAPATNAM ,77,42.31,28.85,25,3.85,12515,CBE SCL EXP
VZM,VIZIANAGRAM JN ,87,25,34.62,36.54,3.85,12515,CBE SCL EXP
CHE,SRIKAKULAM ROAD ,92,17.31,42.31,36.54,3.85,12515,CBE SCL EXP
PSA,PALASA ,81,36.54,30.77,28.85,3.85,12515,CBE SCL EXP
BAM,BRAHMAPUR ,82,34.62,30.77,30.77,3.85,12515,CBE SCL EXP
BALU,BALUGAN ,92,25,38.46,32.69,3.85,12515,CBE SCL EXP
KUR,KHURDA ROAD JN ,104,15.38,40.38,40.38,3.85,12515,CBE SCL EXP
BBS,BHUBANESWAR ,105,9.62,46.15,40.38,3.85,12515,CBE SCL EXP
CTC,CUTTACK ,113,5.77,46.15,44.23,3.85,12515,CBE SCL EXP
JJKR,JAJPUR K ROAD ,130,3.85,34.62,57.69,3.85,12515,CBE SCL EXP
BHC,BHADRAKH ,108,19.23,36.54,40.38,3.85,12515,CBE SCL EXP
BLS,BALASORE ,119,11.54,34.62,50,3.85,12515,CBE SCL EXP
KGP,KHARAGPUR JN ,128,13.46,32.69,50,3.85,12515,CBE SCL EXP
DKAE,DANKUNI ,145,5.77,26.92,55.77,11.54,12515,CBE SCL EXP
BHP,BOLPUR S NIKTN ,165,5.77,17.31,65.38,11.54,12515,CBE SCL EXP
RPH,RAMPUR HAT ,177,5.77,15.38,67.31,11.54,12515,CBE SCL EXP
NFK,NEW FARAKKA JN ,172,11.54,17.31,67.31,3.85,12515,CBE SCL EXP
MLDT,MALDA TOWN ,158,19.23,17.31,59.62,3.85,12515,CBE SCL EXP
KNE,KISHANGANJ ,202,1.92,21.15,73.08,3.85,12515,CBE SCL EXP
NJP,NEW JALPAIGURI ,190,11.54,17.31,67.31,3.85,12515,CBE SCL EXP
DQG,DHUPGURI ,191,7.69,21.15,67.31,3.85,12515,CBE SCL EXP
NCB,NEW COOCH BEHAR ,198,5.77,23.08,67.31,3.85,12515,CBE SCL EXP
NOQ,NEW ALIPURDAUR ,200,5.77,21.15,69.23,3.85,12515,CBE SCL EXP
KOJ,KOKRAJHAR ,217,3.85,17.31,75,3.85,12515,CBE SCL EXP
NBQ,NEW BONGAIGAON ,196,11.54,15.38,69.23,3.85,12515,CBE SCL EXP
BPRD,BARPETA ROAD ,217,1.92,17.31,76.92,3.85,12515,CBE SCL EXP
RNY,RANGIYA JN ,247,3.85,11.54,80.77,3.85,12515,CBE SCL EXP
KYQ,KAMAKHYA ,243,7.69,13.46,75,3.85,12515,CBE SCL EXP
GHY,GUWAHATI ,276,1.92,9.62,84.62,3.85,12515,CBE SCL EXP
HJI,HOJAI ,317,0,3.85,92.31,3.85,12515,CBE SCL EXP
LMG,LUMDING JN ,324,0,3.85,88.46,7.69,12515,CBE SCL EXP
MBG,MAIBANG ,338,0,0,96.15,3.85,12515,CBE SCL EXP
NHLG,NEW HAFLONG ,342,0,0,96.15,3.85,12515,CBE SCL EXP
BPB,BADARPUR JN ,311,0,5.77,90.38,3.85,12515,CBE SCL EXP
SCL,SILCHAR ,291,3.85,9.62,82.69,3.85,12515,CBE SCL EXP
SCL,SILCHAR ,2,88.46,7.69,0,3.85,12516,SCL CBE EXPRESS
BPB,BADARPUR JN ,20,53.85,38.46,3.85,3.85,12516,SCL CBE EXPRESS
NHLG,NEW HAFLONG ,20,57.69,32.69,5.77,3.85,12516,SCL CBE EXPRESS
MBG,MAIBANG ,45,32.69,34.62,28.85,3.85,12516,SCL CBE EXPRESS
LMG,LUMDING JN ,25,48.08,38.46,9.62,3.85,12516,SCL CBE EXPRESS
HJI,HOJAI ,29,44.23,42.31,9.62,3.85,12516,SCL CBE EXPRESS
GHY,GUWAHATI ,55,34.62,26.92,34.62,3.85,12516,SCL CBE EXPRESS
KYQ,KAMAKHYA ,62,28.85,28.85,38.46,3.85,12516,SCL CBE EXPRESS
RNY,RANGIYA JN ,86,11.54,30.77,53.85,3.85,12516,SCL CBE EXPRESS
BPRD,BARPETA ROAD ,100,7.69,26.92,61.54,3.85,12516,SCL CBE EXPRESS
BNGN,BONGAIGAON ,64,1.92,0,1.92,96.15,12516,SCL CBE EXPRESS
NBQ,NEW BONGAIGAON ,69,23.08,36.54,32.69,7.69,12516,SCL CBE EXPRESS
KOJ,KOKRAJHAR ,75,11.54,44.23,40.38,3.85,12516,SCL CBE EXPRESS
NOQ,NEW ALIPURDAUR ,94,7.69,34.62,53.85,3.85,12516,SCL CBE EXPRESS
NCB,NEW COOCH BEHAR ,101,1.92,32.69,61.54,3.85,12516,SCL CBE EXPRESS
DQG,DHUPGURI ,102,0,34.62,59.62,5.77,12516,SCL CBE EXPRESS
NJP,NEW JALPAIGURI ,74,30.77,26.92,38.46,3.85,12516,SCL CBE EXPRESS
KNE,KISHANGANJ ,98,9.62,42.31,44.23,3.85,12516,SCL CBE EXPRESS
MLDT,MALDA TOWN ,75,53.85,1.92,40.38,3.85,12516,SCL CBE EXPRESS
NFK,NEW FARAKKA JN ,83,48.08,7.69,40.38,3.85,12516,SCL CBE EXPRESS
RPH,RAMPUR HAT ,91,34.62,15.38,40.38,9.62,12516,SCL CBE EXPRESS
BHP,BOLPUR S NIKTN ,114,15.38,23.08,51.92,9.62,12516,SCL CBE EXPRESS
DKAE,DANKUNI ,146,0,25,61.54,13.46,12516,SCL CBE EXPRESS
KGP,KHARAGPUR JN ,149,5.77,23.08,67.31,3.85,12516,SCL CBE EXPRESS
BLS,BALASORE ,158,7.69,19.23,69.23,3.85,12516,SCL CBE EXPRESS
BHC,BHADRAKH ,181,5.77,15.38,75,3.85,12516,SCL CBE EXPRESS
JJKR,JAJPUR K ROAD ,190,3.85,13.46,78.85,3.85,12516,SCL CBE EXPRESS
CTC,CUTTACK ,207,5.77,7.69,82.69,3.85,12516,SCL CBE EXPRESS
BBS,BHUBANESWAR ,216,5.77,5.77,84.62,3.85,12516,SCL CBE EXPRESS
KUR,KHURDA ROAD JN ,224,7.69,9.62,78.85,3.85,12516,SCL CBE EXPRESS
BALU,BALUGAN ,258,0,13.46,82.69,3.85,12516,SCL CBE EXPRESS
BAM,BRAHMAPUR ,263,5.77,9.62,80.77,3.85,12516,SCL CBE EXPRESS
PSA,PALASA ,245,9.62,7.69,78.85,3.85,12516,SCL CBE EXPRESS
CHE,SRIKAKULAM ROAD ,255,7.69,7.69,80.77,3.85,12516,SCL CBE EXPRESS
VZM,VIZIANAGRAM JN ,255,5.77,7.69,82.69,3.85,12516,SCL CBE EXPRESS
VSKP,VISHAKAPATNAM ,261,7.69,7.69,80.77,3.85,12516,SCL CBE EXPRESS
RJY,RAJAMUNDRY ,295,0,11.54,84.62,3.85,12516,SCL CBE EXPRESS
BZA,VIJAYAWADA JN ,308,0,3.85,92.31,3.85,12516,SCL CBE EXPRESS
PER,PERAMBUR ,328,1.92,5.77,88.46,3.85,12516,SCL CBE EXPRESS
AJJ,ARAKKONAM ,335,3.85,3.85,88.46,3.85,12516,SCL CBE EXPRESS
KPD,KATPADI JN ,334,3.85,7.69,84.62,3.85,12516,SCL CBE EXPRESS
JTJ,JOLARPETTAI ,336,3.85,9.62,82.69,3.85,12516,SCL CBE EXPRESS
SA,SALEM JN ,352,1.92,7.69,86.54,3.85,12516,SCL CBE EXPRESS
ED,ERODE JN ,356,3.85,7.69,84.62,3.85,12516,SCL CBE EXPRESS
TUP,TIRUPPUR ,363,1.92,9.62,84.62,3.85,12516,SCL CBE EXPRESS
CBE,COIMBATORE JN ,327,11.54,0,84.62,3.85,12516,SCL CBE EXPRESS
LTT,LOKMANYATILAK T ,11,86.54,5.77,7.69,0,12519,LTT KYQ AC EXP
TNA,THANE ,16,80.77,11.54,7.69,0,12519,LTT KYQ AC EXP
KYN,KALYAN JN ,20,73.08,19.23,7.69,0,12519,LTT KYQ AC EXP
NK,NASIK ROAD ,26,73.08,15.38,11.54,0,12519,LTT KYQ AC EXP
MMR,MANMAD JN ,33,55.77,32.69,11.54,0,12519,LTT KYQ AC EXP
JL,JALGAON JN ,45,15.38,67.31,17.31,0,12519,LTT KYQ AC EXP
BSL,BHUSAVAL JN ,42,26.92,59.62,13.46,0,12519,LTT KYQ AC EXP
KNW,KHANDWA ,33,61.54,17.31,21.15,0,12519,LTT KYQ AC EXP
ET,ITARSI JN ,42,57.69,21.15,21.15,0,12519,LTT KYQ AC EXP
JBP,JABALPUR ,50,40.38,32.69,26.92,0,12519,LTT KYQ AC EXP
KTE,KATNI ,61,25,42.31,32.69,0,12519,LTT KYQ AC EXP
STA,SATNA ,69,7.69,55.77,36.54,0,12519,LTT KYQ AC EXP
PCOI,PRAYAGRAJ CHHEOKI ,94,5.77,46.15,48.08,0,12519,LTT KYQ AC EXP
MZP,MIRZAPUR ,105,3.85,44.23,51.92,0,12519,LTT KYQ AC EXP
DDU,PT DEEN DAYAL UPADHYAY JN ,79,38.46,25,36.54,0,12519,LTT KYQ AC EXP
DNR,DANAPUR ,117,23.08,19.23,57.69,0,12519,LTT KYQ AC EXP
PPTA,PATLIPUTRA ,112,25,21.15,53.85,0,12519,LTT KYQ AC EXP
HJP,HAJIPUR JN ,106,34.62,11.54,53.85,0,12519,LTT KYQ AC EXP
BJU,BARAUNI JN ,129,11.54,7.69,30.77,50,12519,LTT KYQ AC EXP
BGS,BEGU SARAI ,130,21.15,15.38,63.46,0,12519,LTT KYQ AC EXP
KGG,KHAGARIA JN ,135,21.15,15.38,63.46,0,12519,LTT KYQ AC EXP
NNA,NAUGACHIA ,144,11.54,19.23,69.23,0,12519,LTT KYQ AC EXP
KIR,KATIHAR JN ,125,23.08,21.15,55.77,0,12519,LTT KYQ AC EXP
KNE,KISHANGANJ ,157,1.92,26.92,71.15,0,12519,LTT KYQ AC EXP
NJP,NEW JALPAIGURI ,143,11.54,30.77,57.69,0,12519,LTT KYQ AC EXP
NCB,NEW COOCH BEHAR ,152,9.62,32.69,57.69,0,12519,LTT KYQ AC EXP
NBQ,NEW BONGAIGAON ,145,17.31,21.15,61.54,0,12519,LTT KYQ AC EXP
RNY,RANGIYA JN ,188,5.77,15.38,78.85,0,12519,LTT KYQ AC EXP
KYQ,KAMAKHYA ,168,21.15,17.31,61.54,0,12519,LTT KYQ AC EXP
GHY,GUWAHATI ,279,0,0,36.54,63.46,12519,LTT KYQ AC EXP
CPK,CHAPARMUKH JN ,316,0,0,36.54,63.46,12519,LTT KYQ AC EXP
HJI,HOJAI ,309,0,0,34.62,65.38,12519,LTT KYQ AC EXP
MYD,MANDERDISA ,329,0,0,34.62,65.38,12519,LTT KYQ AC EXP
NHLG,NEW HAFLONG ,344,0,0,34.62,65.38,12519,LTT KYQ AC EXP
BPB,BADARPUR JN ,313,0,1.92,34.62,63.46,12519,LTT KYQ AC EXP
DMR,DHARMANAGAR ,285,0,1.92,34.62,63.46,12519,LTT KYQ AC EXP
ABSA,AMBASA ,275,0,3.85,32.69,63.46,12519,LTT KYQ AC EXP
AGTL,AGARTALA ,237,3.85,1.92,30.77,63.46,12519,LTT KYQ AC EXP
AGTL,AGARTALA ,14,30.19,3.77,1.89,64.15,12520,KYQ LTT AC EXP
ABSA,AMBASA ,27,15.09,18.87,1.89,64.15,12520,KYQ LTT AC EXP
DMR,DHARMANAGAR ,28,16.98,15.09,3.77,64.15,12520,KYQ LTT AC EXP
BPB,BADARPUR JN ,41,15.09,15.09,5.66,64.15,12520,KYQ LTT AC EXP
NHLG,NEW HAFLONG ,36,13.21,16.98,5.66,64.15,12520,KYQ LTT AC EXP
MYD,MANDERDISA ,26,20.75,11.32,3.77,64.15,12520,KYQ LTT AC EXP
HJI,HOJAI ,43,11.32,18.87,5.66,64.15,12520,KYQ LTT AC EXP
CPK,CHAPARMUKH JN ,80,0,15.09,20.75,64.15,12520,KYQ LTT AC EXP
GHY,GUWAHATI ,85,3.77,11.32,20.75,64.15,12520,KYQ LTT AC EXP
KYQ,KAMAKHYA ,48,49.06,18.87,32.08,0,12520,KYQ LTT AC EXP
RNY,RANGIYA JN ,67,33.96,28.3,37.74,0,12520,KYQ LTT AC EXP
BNGN,BONGAIGAON ,138,0,1.89,1.89,96.23,12520,KYQ LTT AC EXP
NBQ,NEW BONGAIGAON ,66,30.19,26.42,39.62,3.77,12520,KYQ LTT AC EXP
NCB,NEW COOCH BEHAR ,92,13.21,37.74,49.06,0,12520,KYQ LTT AC EXP
NJP,NEW JALPAIGURI ,84,33.96,22.64,43.4,0,12520,KYQ LTT AC EXP
KNE,KISHANGANJ ,99,15.09,37.74,47.17,0,12520,KYQ LTT AC EXP
KIR,KATIHAR JN ,99,22.64,30.19,47.17,0,12520,KYQ LTT AC EXP
NNA,NAUGACHIA ,101,24.53,30.19,45.28,0,12520,KYQ LTT AC EXP
KGG,KHAGARIA JN ,110,15.09,41.51,43.4,0,12520,KYQ LTT AC EXP
BGS,BEGU SARAI ,117,13.21,39.62,47.17,0,12520,KYQ LTT AC EXP
BJU,BARAUNI JN ,142,3.77,13.21,32.08,50.94,12520,KYQ LTT AC EXP
HJP,HAJIPUR JN ,103,28.3,26.42,45.28,0,12520,KYQ LTT AC EXP
PPTA,PATLIPUTRA ,92,39.62,20.75,39.62,0,12520,KYQ LTT AC EXP
DNR,DANAPUR ,103,24.53,32.08,43.4,0,12520,KYQ LTT AC EXP
DDU,PT DEEN DAYAL UPADHYAY JN ,84,50.94,13.21,35.85,0,12520,KYQ LTT AC EXP
MZP,MIRZAPUR ,103,30.19,22.64,47.17,0,12520,KYQ LTT AC EXP
PCOI,PRAYAGRAJ CHHEOKI ,121,16.98,22.64,60.38,0,12520,KYQ LTT AC EXP
STA,SATNA ,176,3.77,22.64,73.58,0,12520,KYQ LTT AC EXP
KTE,KATNI ,193,1.89,13.21,84.91,0,12520,KYQ LTT AC EXP
JBP,JABALPUR ,205,0,9.43,90.57,0,12520,KYQ LTT AC EXP
ET,ITARSI JN ,188,5.66,13.21,81.13,0,12520,KYQ LTT AC EXP
KNW,KHANDWA ,191,9.43,13.21,77.36,0,12520,KYQ LTT AC EXP
BSL,BHUSAVAL JN ,200,9.43,13.21,77.36,0,12520,KYQ LTT AC EXP
JL,JALGAON JN ,197,11.32,15.09,73.58,0,12520,KYQ LTT AC EXP
MMR,MANMAD JN ,222,7.55,13.21,79.25,0,12520,KYQ LTT AC EXP
NK,NASIK ROAD ,231,5.66,15.09,79.25,0,12520,KYQ LTT AC EXP
KYN,KALYAN JN ,253,0,16.98,83.02,0,12520,KYQ LTT AC EXP
TNA,THANE ,207,15.09,15.09,69.81,0,12520,KYQ LTT AC EXP
LTT,LOKMANYATILAK T ,222,9.43,9.43,56.6,24.53,12520,KYQ LTT AC EXP
KOAA,KOLKATA ,1,94.23,0,0,5.77,13181,KAZIRANGA EXP
BWN,BARDDHAMAN JN ,15,51.92,32.69,1.92,13.46,13181,KAZIRANGA EXP
BHP,BOLPUR S NIKTN ,18,40.38,46.15,0,13.46,13181,KAZIRANGA EXP
RPH,RAMPUR HAT ,32,13.46,69.23,3.85,13.46,13181,KAZIRANGA EXP
MLDT,MALDA TOWN ,33,51.92,19.23,23.08,5.77,13181,KAZIRANGA EXP
NJP,NEW JALPAIGURI ,46,38.46,25,30.77,5.77,13181,KAZIRANGA EXP
NCB,NEW COOCH BEHAR ,75,3.85,42.31,48.08,5.77,13181,KAZIRANGA EXP
NOQ,NEW ALIPURDAUR ,67,11.54,40.38,42.31,5.77,13181,KAZIRANGA EXP
FKM,FAKIRAGRAM JN ,68,11.54,40.38,42.31,5.77,13181,KAZIRANGA EXP
NBQ,NEW BONGAIGAON ,44,36.54,30.77,26.92,5.77,13181,KAZIRANGA EXP
KYQ,KAMAKHYA ,72,25,25,44.23,5.77,13181,KAZIRANGA EXP
GHY,GUWAHATI ,79,13.46,36.54,44.23,5.77,13181,KAZIRANGA EXP
JID,JAGI ROAD ,83,9.62,38.46,46.15,5.77,13181,KAZIRANGA EXP
CPK,CHAPARMUKH JN ,90,9.62,28.85,55.77,5.77,13181,KAZIRANGA EXP
NGAN,NAGAON ,84,17.31,19.23,57.69,5.77,13181,KAZIRANGA EXP
JKB,JAKHALABANDHA ,83,21.15,15.38,57.69,5.77,13181,KAZIRANGA EXP
SHTT,SILGHAT TOWN ,69,36.54,13.46,44.23,5.77,13181,KAZIRANGA EXP
SHTT,SILGHAT TOWN ,3,86.54,7.69,0,5.77,13182,KAZIRANGA EXP
JKB,JAKHALABANDHA ,3,86.54,7.69,0,5.77,13182,KAZIRANGA EXP
NGAN,NAGAON ,4,84.62,9.62,0,5.77,13182,KAZIRANGA EXP
CPK,CHAPARMUKH JN ,10,75,17.31,1.92,5.77,13182,KAZIRANGA EXP
JID,JAGI ROAD ,13,69.23,23.08,1.92,5.77,13182,KAZIRANGA EXP
GHY,GUWAHATI ,17,67.31,23.08,3.85,5.77,13182,KAZIRANGA EXP
KYQ,KAMAKHYA ,20,65.38,17.31,11.54,5.77,13182,KAZIRANGA EXP
NBQ,NEW BONGAIGAON ,27,65.38,11.54,17.31,5.77,13182,KAZIRANGA EXP
FKM,FAKIRAGRAM JN ,39,46.15,25,23.08,5.77,13182,KAZIRANGA EXP
NOQ,NEW ALIPURDAUR ,47,23.08,44.23,26.92,5.77,13182,KAZIRANGA EXP
NCB,NEW COOCH BEHAR ,71,5.77,51.92,36.54,5.77,13182,KAZIRANGA EXP
NJP,NEW JALPAIGURI ,37,53.85,19.23,21.15,5.77,13182,KAZIRANGA EXP
MLDT,MALDA TOWN ,29,59.62,15.38,19.23,5.77,13182,KAZIRANGA EXP
RPH,RAMPUR HAT ,60,23.08,36.54,28.85,11.54,13182,KAZIRANGA EXP
BHP,BOLPUR S NIKTN ,72,11.54,42.31,34.62,11.54,13182,KAZIRANGA EXP
BWN,BARDDHAMAN JN ,68,23.08,28.85,36.54,11.54,13182,KAZIRANGA EXP
KOAA,KOLKATA ,56,36.54,19.23,38.46,5.77,13182,KAZIRANGA EXP
SCL,SILCHAR ,2,98.08,0,1.92,0,14037,NDLS S KRANTI EXP
BPB,BADARPUR JN ,22,46.15,48.08,5.77,0,14037,NDLS S KRANTI EXP
NHLG,NEW HAFLONG ,17,57.69,40.38,1.92,0,14037,NDLS S KRANTI EXP
LMG,LUMDING JN ,19,57.69,36.54,5.77,0,14037,NDLS S KRANTI EXP
GHY,GUWAHATI ,2,100,0,0,0,14037,NDLS S KRANTI EXP
GLPT,GOALPARA TOWN ,32,19.23,67.31,11.54,1.92,14037,NDLS S KRANTI EXP
NBQ,NEW BONGAIGAON ,18,63.46,28.85,7.69,0,14037,NDLS S KRANTI EXP
NJP,NEW JALPAIGURI ,30,38.46,50,11.54,0,14037,NDLS S KRANTI EXP
KIR,KATIHAR JN ,23,61.54,17.31,21.15,0,14037,NDLS S KRANTI EXP
BJU,BARAUNI JN ,46,11.54,21.15,17.31,50,14037,NDLS S KRANTI EXP
PPTA,PATLIPUTRA ,40,46.15,26.92,26.92,0,14037,NDLS S KRANTI EXP
DDU,PT DEEN DAYAL UPADHYAY JN ,40,53.85,23.08,23.08,0,14037,NDLS S KRANTI EXP
PRYJ,PRAYAGRAJ JN ,84,23.08,30.77,46.15,0,14037,NDLS S KRANTI EXP
CNB,KANPUR CENTRAL ,109,11.54,32.69,55.77,0,14037,NDLS S KRANTI EXP
NDLS,NEW DELHI ,139,36.54,9.62,53.85,0,14037,NDLS S KRANTI EXP
NDLS,NEW DELHI ,31,64.15,16.98,18.87,0,14038,SCL S KRANTI EXP
CNB,KANPUR CENTRAL ,97,16.98,39.62,43.4,0,14038,SCL S KRANTI EXP
PRYJ,PRAYAGRAJ JN ,124,3.77,33.96,60.38,1.89,14038,SCL S KRANTI EXP
DDU,PT DEEN DAYAL UPADHYAY JN ,137,24.53,16.98,56.6,1.89,14038,SCL S KRANTI EXP
PPTA,PATLIPUTRA ,165,24.53,9.43,64.15,1.89,14038,SCL S KRANTI EXP
BJU,BARAUNI JN ,249,3.77,11.32,33.96,50.94,14038,SCL S KRANTI EXP
KIR,KATIHAR JN ,198,16.98,20.75,62.26,0,14038,SCL S KRANTI EXP
NJP,NEW JALPAIGURI ,215,15.09,15.09,69.81,0,14038,SCL S KRANTI EXP
NBQ,NEW BONGAIGAON ,229,11.32,16.98,71.7,0,14038,SCL S KRANTI EXP
GLPT,GOALPARA TOWN ,242,5.66,20.75,73.58,0,14038,SCL S KRANTI EXP
GHY,GUWAHATI ,237,3.77,26.42,69.81,0,14038,SCL S KRANTI EXP
LMG,LUMDING JN ,286,1.89,13.21,84.91,0,14038,SCL S KRANTI EXP
NHLG,NEW HAFLONG ,269,3.77,15.09,81.13,0,14038,SCL S KRANTI EXP
BPB,BADARPUR JN ,259,11.32,5.66,83.02,0,14038,SCL S KRANTI EXP
SCL,SILCHAR ,181,37.74,7.55,54.72,0,14038,SCL S KRANTI EXP
AGTL,AGARTALA ,41,81.13,7.55,11.32,0,14619,TRIPURA SUNDARI EXP
ABSA,AMBASA ,57,50.94,33.96,15.09,0,14619,TRIPURA SUNDARI EXP
DMR,DHARMANAGAR ,52,62.26,24.53,13.21,0,14619,TRIPURA SUNDARI EXP
PTKD,PATHARKANDI ,53,62.26,24.53,13.21,0,14619,TRIPURA SUNDARI EXP
NKMG,NEW KARIMGANJ ,51,62.26,24.53,13.21,0,14619,TRIPURA SUNDARI EXP
BPB,BADARPUR JN ,56,56.6,28.3,15.09,0,14619,TRIPURA SUNDARI EXP
NHLG,NEW HAFLONG ,56,45.28,37.74,16.98,0,14619,TRIPURA SUNDARI EXP
LMG,LUMDING JN ,66,41.51,35.85,22.64,0,14619,TRIPURA SUNDARI EXP
HJI,HOJAI ,65,41.51,41.51,16.98,0,14619,TRIPURA SUNDARI EXP
JID,JAGI ROAD ,70,26.42,52.83,20.75,0,14619,TRIPURA SUNDARI EXP
GHY,GUWAHATI ,44,86.79,0,13.21,0,14619,TRIPURA SUNDARI EXP
NBQ,NEW BONGAIGAON ,56,62.26,18.87,18.87,0,14619,TRIPURA SUNDARI EXP
NJP,NEW JALPAIGURI ,82,24.53,49.06,26.42,0,14619,TRIPURA SUNDARI EXP
KIR,KATIHAR JN ,69,56.6,20.75,22.64,0,14619,TRIPURA SUNDARI EXP
BJU,BARAUNI JN ,92,11.32,62.26,26.42,0,14619,TRIPURA SUNDARI EXP
PPTA,PATLIPUTRA ,81,52.83,22.64,24.53,0,14619,TRIPURA SUNDARI EXP
DDU,PT DEEN DAYAL UPADHYAY JN ,92,54.72,15.09,30.19,0,14619,TRIPURA SUNDARI EXP
PRYJ,PRAYAGRAJ JN ,145,7.55,39.62,52.83,0,14619,TRIPURA SUNDARI EXP
CNB,KANPUR CENTRAL ,186,3.77,15.09,81.13,0,14619,TRIPURA SUNDARI EXP
NDLS,NEW DELHI ,262,7.55,3.77,88.68,0,14619,TRIPURA SUNDARI EXP
SSB,SHAKURBASTI ,295,0,11.32,88.68,0,14619,TRIPURA SUNDARI EXP
ROK,ROHTAK JN ,305,1.89,5.66,92.45,0,14619,TRIPURA SUNDARI EXP
BNW,BHIWANI ,319,0,5.66,94.34,0,14619,TRIPURA SUNDARI EXP
HSR,HISAR ,325,0,5.66,94.34,0,14619,TRIPURA SUNDARI EXP
ADR,MANDI ADAMPUR ,328,0,5.66,94.34,0,14619,TRIPURA SUNDARI EXP
SSA,SIRSA ,311,0,7.55,92.45,0,14619,TRIPURA SUNDARI EXP
KNL,KALANWALI ,320,0,5.66,94.34,0,14619,TRIPURA SUNDARI EXP
BTI,BHATINDA JN ,263,5.66,9.43,84.91,0,14619,TRIPURA SUNDARI EXP
KKP,KOT KAPURA ,286,1.89,7.55,90.57,0,14619,TRIPURA SUNDARI EXP
FDK,FARIDKOT ,289,1.89,7.55,90.57,0,14619,TRIPURA SUNDARI EXP
FZR,FIROZPUR CANT ,265,5.66,9.43,84.91,0,14619,TRIPURA SUNDARI EXP
FZR,FIROZPUR CANT ,6,90.38,7.69,1.92,0,14620,TRIPURA SUNDARI EXP
FDK,FARIDKOT ,15,76.92,21.15,1.92,0,14620,TRIPURA SUNDARI EXP
KKP,KOT KAPURA ,17,75,23.08,1.92,0,14620,TRIPURA SUNDARI EXP
BTI,BHATINDA JN ,4,96.15,1.92,1.92,0,14620,TRIPURA SUNDARI EXP
KNL,KALANWALI ,21,42.31,55.77,1.92,0,14620,TRIPURA SUNDARI EXP
SSA,SIRSA ,7,88.46,9.62,1.92,0,14620,TRIPURA SUNDARI EXP
ADR,MANDI ADAMPUR ,20,42.31,55.77,1.92,0,14620,TRIPURA SUNDARI EXP
HSR,HISAR ,11,80.77,15.38,3.85,0,14620,TRIPURA SUNDARI EXP
BNW,BHIWANI ,15,73.08,23.08,3.85,0,14620,TRIPURA SUNDARI EXP
ROK,ROHTAK JN ,10,92.31,3.85,3.85,0,14620,TRIPURA SUNDARI EXP
SSB,SHAKURBASTI ,19,63.46,30.77,5.77,0,14620,TRIPURA SUNDARI EXP
NDLS,NEW DELHI ,16,75,17.31,7.69,0,14620,TRIPURA SUNDARI EXP
CNB,KANPUR CENTRAL ,123,5.77,26.92,67.31,0,14620,TRIPURA SUNDARI EXP
PRYJ,PRAYAGRAJ JN ,159,0,17.31,82.69,0,14620,TRIPURA SUNDARI EXP
DDU,PT DEEN DAYAL UPADHYAY JN ,171,7.69,17.31,75,0,14620,TRIPURA SUNDARI EXP
PPTA,PATLIPUTRA ,202,5.77,7.69,86.54,0,14620,TRIPURA SUNDARI EXP
BJU,BARAUNI JN ,235,1.92,7.69,90.38,0,14620,TRIPURA SUNDARI EXP
KIR,KATIHAR JN ,229,5.77,3.85,88.46,1.92,14620,TRIPURA SUNDARI EXP
NJP,NEW JALPAIGURI ,251,1.92,9.62,86.54,1.92,14620,TRIPURA SUNDARI EXP
NBQ,NEW BONGAIGAON ,262,1.92,7.69,90.38,0,14620,TRIPURA SUNDARI EXP
GHY,GUWAHATI ,276,1.92,7.69,90.38,0,14620,TRIPURA SUNDARI EXP
JID,JAGI ROAD ,292,1.92,7.69,90.38,0,14620,TRIPURA SUNDARI EXP
HJI,HOJAI ,311,1.92,3.85,94.23,0,14620,TRIPURA SUNDARI EXP
LMG,LUMDING JN ,336,0,3.85,96.15,0,14620,TRIPURA SUNDARI EXP
NHLG,NEW HAFLONG ,322,1.92,1.92,96.15,0,14620,TRIPURA SUNDARI EXP
BPB,BADARPUR JN ,305,0,7.69,92.31,0,14620,TRIPURA SUNDARI EXP
NKMG,NEW KARIMGANJ ,299,0,9.62,90.38,0,14620,TRIPURA SUNDARI EXP
PTKD,PATHARKANDI ,295,0,9.62,90.38,0,14620,TRIPURA SUNDARI EXP
DMR,DHARMANAGAR ,302,0,7.69,92.31,0,14620,TRIPURA SUNDARI EXP
ABSA,AMBASA ,285,3.85,7.69,88.46,0,14620,TRIPURA SUNDARI EXP
AGTL,AGARTALA ,230,13.46,7.69,78.85,0,14620,TRIPURA SUNDARI EXP
TBM,TAMBARAM ,11,67.31,25,0,7.69,15629,NAGAON EXPRESS
MS,CHENNAI EGMORE ,15,63.46,25,3.85,7.69,15629,NAGAON EXPRESS
NLR,NELLORE ,20,40.38,50,1.92,7.69,15629,NAGAON EXPRESS
OGL,ONGOLE ,33,19.23,65.38,7.69,7.69,15629,NAGAON EXPRESS
BZA,VIJAYAWADA JN ,51,3.85,59.62,28.85,7.69,15629,NAGAON EXPRESS
EE,ELURU ,63,1.92,38.46,51.92,7.69,15629,NAGAON EXPRESS
RJY,RAJAMUNDRY ,93,0,13.46,78.85,7.69,15629,NAGAON EXPRESS
VSKP,VISHAKAPATNAM ,37,30.77,46.15,15.38,7.69,15629,NAGAON EXPRESS
BAM,BRAHMAPUR ,25,46.15,38.46,7.69,7.69,15629,NAGAON EXPRESS
KUR,KHURDA ROAD JN ,34,28.85,53.85,9.62,7.69,15629,NAGAON EXPRESS
BBS,BHUBANESWAR ,47,19.23,48.08,25,7.69,15629,NAGAON EXPRESS
CTC,CUTTACK ,48,21.15,46.15,25,7.69,15629,NAGAON EXPRESS
BLS,BALASORE ,54,30.77,34.62,26.92,7.69,15629,NAGAON EXPRESS
HIJ,HIJILLI ,56,26.92,42.31,23.08,7.69,15629,NAGAON EXPRESS
TATA,TATANAGAR JN ,77,3.85,44.23,44.23,7.69,15629,NAGAON EXPRESS
PRR,PURULIA JN ,109,0,26.92,65.38,7.69,15629,NAGAON EXPRESS
JOC,JOYCHANDI PAHAR ,110,1.92,25,65.38,7.69,15629,NAGAON EXPRESS
ASN,ASANSOL JN ,112,3.85,21.15,67.31,7.69,15629,NAGAON EXPRESS
UDL,ANDAL JN ,115,3.85,21.15,67.31,7.69,15629,NAGAON EXPRESS
DGR,DURGAPUR ,125,3.85,15.38,73.08,7.69,15629,NAGAON EXPRESS
SURI,SIURI ,172,0,5.77,86.54,7.69,15629,NAGAON EXPRESS
RPH,RAMPUR HAT ,160,0,11.54,80.77,7.69,15629,NAGAON EXPRESS
PKR,PAKUR ,187,0,1.92,90.38,7.69,15629,NAGAON EXPRESS
NFK,NEW FARAKKA JN ,194,0,7.69,84.62,7.69,15629,NAGAON EXPRESS
MLDT,MALDA TOWN ,189,0,9.62,82.69,7.69,15629,NAGAON EXPRESS
BOE,BARSOI JN ,211,0,1.92,90.38,7.69,15629,NAGAON EXPRESS
KNE,KISHANGANJ ,226,0,0,92.31,7.69,15629,NAGAON EXPRESS
NJP,NEW JALPAIGURI ,202,0,7.69,84.62,7.69,15629,NAGAON EXPRESS
NMX,NEW MAYNAGURI ,193,0,17.31,75,7.69,15629,NAGAON EXPRESS
DQG,DHUPGURI ,198,0,17.31,75,7.69,15629,NAGAON EXPRESS
NCB,NEW COOCH BEHAR ,201,0,13.46,78.85,7.69,15629,NAGAON EXPRESS
NOQ,NEW ALIPURDAUR ,201,0,13.46,78.85,7.69,15629,NAGAON EXPRESS
FKM,FAKIRAGRAM JN ,214,0,11.54,80.77,7.69,15629,NAGAON EXPRESS
KOJ,KOKRAJHAR ,218,0,9.62,82.69,7.69,15629,NAGAON EXPRESS
NBQ,NEW BONGAIGAON ,201,1.92,11.54,78.85,7.69,15629,NAGAON EXPRESS
RNY,RANGIYA JN ,225,0,7.69,84.62,7.69,15629,NAGAON EXPRESS
KYQ,KAMAKHYA ,198,3.85,9.62,78.85,7.69,15629,NAGAON EXPRESS
GHY,GUWAHATI ,212,0,7.69,84.62,7.69,15629,NAGAON EXPRESS
JID,JAGI ROAD ,213,1.92,5.77,84.62,7.69,15629,NAGAON EXPRESS
CPK,CHAPARMUKH JN ,212,3.85,9.62,78.85,7.69,15629,NAGAON EXPRESS
NGAN,NAGAON ,207,1.92,11.54,78.85,7.69,15629,NAGAON EXPRESS
JKB,JAKHALABANDHA ,201,3.85,11.54,76.92,7.69,15629,NAGAON EXPRESS
SHTT,SILGHAT TOWN ,184,13.46,5.77,73.08,7.69,15629,NAGAON EXPRESS
SHTT,SILGHAT TOWN ,66,38.46,19.23,34.62,7.69,15630,NAGAON EXPRESS
JKB,JAKHALABANDHA ,65,38.46,19.23,34.62,7.69,15630,NAGAON EXPRESS
NGAN,NAGAON ,67,36.54,21.15,34.62,7.69,15630,NAGAON EXPRESS
CPK,CHAPARMUKH JN ,79,25,26.92,40.38,7.69,15630,NAGAON EXPRESS
JID,JAGI ROAD ,88,13.46,36.54,42.31,7.69,15630,NAGAON EXPRESS
GHY,GUWAHATI ,78,23.08,26.92,42.31,7.69,15630,NAGAON EXPRESS
KYQ,KAMAKHYA ,84,19.23,28.85,44.23,7.69,15630,NAGAON EXPRESS
RNY,RANGIYA JN ,112,13.46,21.15,55.77,9.62,15630,NAGAON EXPRESS
BNGN,BONGAIGAON ,231,0,0,1.92,98.08,15630,NAGAON EXPRESS
NBQ,NEW BONGAIGAON ,104,21.15,21.15,48.08,9.62,15630,NAGAON EXPRESS
KOJ,KOKRAJHAR ,115,13.46,23.08,55.77,7.69,15630,NAGAON EXPRESS
FKM,FAKIRAGRAM JN ,119,11.54,25,55.77,7.69,15630,NAGAON EXPRESS
NOQ,NEW ALIPURDAUR ,130,1.92,25,65.38,7.69,15630,NAGAON EXPRESS
NCB,NEW COOCH BEHAR ,133,1.92,26.92,63.46,7.69,15630,NAGAON EXPRESS
DQG,DHUPGURI ,137,0,32.69,59.62,7.69,15630,NAGAON EXPRESS
NMX,NEW MAYNAGURI ,138,0,30.77,61.54,7.69,15630,NAGAON EXPRESS
NJP,NEW JALPAIGURI ,102,26.92,15.38,50,7.69,15630,NAGAON EXPRESS
KNE,KISHANGANJ ,115,7.69,34.62,50,7.69,15630,NAGAON EXPRESS
BOE,BARSOI JN ,127,3.85,34.62,53.85,7.69,15630,NAGAON EXPRESS
MLDT,MALDA TOWN ,92,38.46,7.69,46.15,7.69,15630,NAGAON EXPRESS
NFK,NEW FARAKKA JN ,95,36.54,9.62,46.15,7.69,15630,NAGAON EXPRESS
PKR,PAKUR ,92,40.38,9.62,42.31,7.69,15630,NAGAON EXPRESS
RPH,RAMPUR HAT ,102,34.62,9.62,48.08,7.69,15630,NAGAON EXPRESS
SURI,SIURI ,104,32.69,9.62,50,7.69,15630,NAGAON EXPRESS
UDL,ANDAL JN ,109,30.77,11.54,50,7.69,15630,NAGAON EXPRESS
DGR,DURGAPUR ,126,9.62,32.69,50,7.69,15630,NAGAON EXPRESS
ASN,ASANSOL JN ,114,30.77,13.46,48.08,7.69,15630,NAGAON EXPRESS
JOC,JOYCHANDI PAHAR ,119,25,17.31,50,7.69,15630,NAGAON EXPRESS
PRR,PURULIA JN ,121,19.23,21.15,50,9.62,15630,NAGAON EXPRESS
TATA,TATANAGAR JN ,133,21.15,11.54,57.69,9.62,15630,NAGAON EXPRESS
HIJ,HIJILLI ,129,17.31,13.46,57.69,11.54,15630,NAGAON EXPRESS
BLS,BALASORE ,129,15.38,15.38,57.69,11.54,15630,NAGAON EXPRESS
CTC,CUTTACK ,150,15.38,17.31,59.62,7.69,15630,NAGAON EXPRESS
BBS,BHUBANESWAR ,158,15.38,13.46,63.46,7.69,15630,NAGAON EXPRESS
KUR,KHURDA ROAD JN ,158,11.54,15.38,65.38,7.69,15630,NAGAON EXPRESS
BAM,BRAHMAPUR ,181,1.92,17.31,73.08,7.69,15630,NAGAON EXPRESS
VSKP,VISHAKAPATNAM ,136,19.23,13.46,59.62,7.69,15630,NAGAON EXPRESS
RJY,RAJAMUNDRY ,171,11.54,19.23,61.54,7.69,15630,NAGAON EXPRESS
EE,ELURU ,187,9.62,21.15,61.54,7.69,15630,NAGAON EXPRESS
BZA,VIJAYAWADA JN ,170,23.08,11.54,57.69,7.69,15630,NAGAON EXPRESS
OGL,ONGOLE ,197,5.77,13.46,73.08,7.69,15630,NAGAON EXPRESS
NLR,NELLORE ,183,19.23,15.38,57.69,7.69,15630,NAGAON EXPRESS
MS,CHENNAI EGMORE ,107,42.31,7.69,42.31,7.69,15630,NAGAON EXPRESS
TBM,TAMBARAM ,97,44.23,9.62,38.46,7.69,15630,NAGAON EXPRESS
LTT,LOKMANYATILAK T ,22,88.46,3.85,7.69,0,15647,GUWAHATI EXPRES
KYN,KALYAN JN ,37,42.31,48.08,9.62,0,15647,GUWAHATI EXPRES
NK,NASIK ROAD ,30,76.92,11.54,11.54,0,15647,GUWAHATI EXPRES
MMR,MANMAD JN ,37,67.31,19.23,13.46,0,15647,GUWAHATI EXPRES
BSL,BHUSAVAL JN ,48,48.08,34.62,17.31,0,15647,GUWAHATI EXPRES
BAU,BURHANPUR ,52,48.08,30.77,21.15,0,15647,GUWAHATI EXPRES
KNW,KHANDWA ,45,71.15,9.62,19.23,0,15647,GUWAHATI EXPRES
HD,HARDA ,52,59.62,17.31,23.08,0,15647,GUWAHATI EXPRES
ET,ITARSI JN ,51,67.31,9.62,23.08,0,15647,GUWAHATI EXPRES
PPI,PIPARIYA ,59,48.08,28.85,23.08,0,15647,GUWAHATI EXPRES
JBP,JABALPUR ,63,40.38,32.69,26.92,0,15647,GUWAHATI EXPRES
KTE,KATNI ,99,1.92,53.85,44.23,0,15647,GUWAHATI EXPRES
MYR,MAIHAR ,41,0,3.85,0,96.15,15647,GUWAHATI EXPRES
STA,SATNA ,112,0,50,50,0,15647,GUWAHATI EXPRES
PCOI,PRAYAGRAJ CHHEOKI ,130,7.69,42.31,50,0,15647,GUWAHATI EXPRES
MZP,MIRZAPUR ,140,3.85,40.38,55.77,0,15647,GUWAHATI EXPRES
DDU,PT DEEN DAYAL UPADHYAY JN ,122,28.85,21.15,50,0,15647,GUWAHATI EXPRES
DLN,DILDARNAGAR JN ,123,30.77,19.23,48.08,1.92,15647,GUWAHATI EXPRES
BXR,BUXAR ,121,30.77,23.08,44.23,1.92,15647,GUWAHATI EXPRES
DURE,DUMRAON ,126,28.85,21.15,48.08,1.92,15647,GUWAHATI EXPRES
ARA,ARA ,121,28.85,21.15,48.08,1.92,15647,GUWAHATI EXPRES
DNR,DANAPUR ,124,23.08,26.92,48.08,1.92,15647,GUWAHATI EXPRES
PNBE,PATNA JN ,101,38.46,21.15,40.38,0,15647,GUWAHATI EXPRES
PNC,PATNA SAHEB ,115,26.92,28.85,44.23,0,15647,GUWAHATI EXPRES
FUT,FATUHA JN ,126,25,25,50,0,15647,GUWAHATI EXPRES
KOO,KHUSROPUR ,129,21.15,26.92,51.92,0,15647,GUWAHATI EXPRES
BKP,BAKHTIYARPUR JN ,135,17.31,26.92,55.77,0,15647,GUWAHATI EXPRES
BARH,BARH ,145,5.77,30.77,63.46,0,15647,GUWAHATI EXPRES
MKA,MOKAMEH JN ,145,11.54,26.92,61.54,0,15647,GUWAHATI EXPRES
HTZ,HATHIDAH JN ,151,3.85,28.85,67.31,0,15647,GUWAHATI EXPRES
BRYA,BARHIYA ,155,3.85,25,71.15,0,15647,GUWAHATI EXPRES
LKR,LUCKEESARAI JN ,141,19.23,21.15,59.62,0,15647,GUWAHATI EXPRES
KIUL,KIUL JN ,101,44.23,9.62,46.15,0,15647,GUWAHATI EXPRES
AHA,ABHAIPUR ,112,38.46,1.92,40.38,19.23,15647,GUWAHATI EXPRES
JMP,JAMALPUR JN ,96,44.23,13.46,42.31,0,15647,GUWAHATI EXPRES
BUP,BARIARPUR ,101,34.62,21.15,44.23,0,15647,GUWAHATI EXPRES
SGG,SULTANGANJ ,100,36.54,19.23,44.23,0,15647,GUWAHATI EXPRES
BGP,BHAGALPUR ,90,44.23,17.31,38.46,0,15647,GUWAHATI EXPRES
CLG,KAHALGAON ,96,34.62,25,40.38,0,15647,GUWAHATI EXPRES
SBG,SAHIBGANJ JN ,91,40.38,17.31,42.31,0,15647,GUWAHATI EXPRES
BHW,BARHARWA JN ,84,42.31,26.92,30.77,0,15647,GUWAHATI EXPRES
NFK,NEW FARAKKA JN ,88,28.85,36.54,34.62,0,15647,GUWAHATI EXPRES
MLDT,MALDA TOWN ,84,44.23,19.23,36.54,0,15647,GUWAHATI EXPRES
KNE,KISHANGANJ ,119,11.54,40.38,48.08,0,15647,GUWAHATI EXPRES
NJP,NEW JALPAIGURI ,109,34.62,25,40.38,0,15647,GUWAHATI EXPRES
DQG,DHUPGURI ,111,32.69,25,42.31,0,15647,GUWAHATI EXPRES
NCB,NEW COOCH BEHAR ,112,32.69,25,42.31,0,15647,GUWAHATI EXPRES
NOQ,NEW ALIPURDAUR ,112,32.69,25,42.31,0,15647,GUWAHATI EXPRES
NBQ,NEW BONGAIGAON ,112,40.38,17.31,42.31,0,15647,GUWAHATI EXPRES
BPRD,BARPETA ROAD ,121,15.38,30.77,50,3.85,15647,GUWAHATI EXPRES
RNY,RANGIYA JN ,132,11.54,25,59.62,3.85,15647,GUWAHATI EXPRES
KYQ,KAMAKHYA ,126,25,32.69,42.31,0,15647,GUWAHATI EXPRES
GHY,GUWAHATI ,114,32.69,32.69,34.62,0,15647,GUWAHATI EXPRES
GHY,GUWAHATI ,47,67.31,9.62,23.08,0,15648,GHY LTT EXPRESS
KYQ,KAMAKHYA ,56,63.46,13.46,23.08,0,15648,GHY LTT EXPRESS
RNY,RANGIYA JN ,74,42.31,23.08,32.69,1.92,15648,GHY LTT EXPRESS
BPRD,BARPETA ROAD ,122,0,34.62,63.46,1.92,15648,GHY LTT EXPRESS
BNGN,BONGAIGAON ,30,0,3.85,0,96.15,15648,GHY LTT EXPRESS
NBQ,NEW BONGAIGAON ,74,46.15,19.23,30.77,3.85,15648,GHY LTT EXPRESS
NOQ,NEW ALIPURDAUR ,84,21.15,42.31,36.54,0,15648,GHY LTT EXPRESS
NCB,NEW COOCH BEHAR ,92,15.38,50,34.62,0,15648,GHY LTT EXPRESS
DQG,DHUPGURI ,95,15.38,46.15,38.46,0,15648,GHY LTT EXPRESS
NJP,NEW JALPAIGURI ,63,59.62,15.38,25,0,15648,GHY LTT EXPRESS
KNE,KISHANGANJ ,77,28.85,44.23,26.92,0,15648,GHY LTT EXPRESS
MLDT,MALDA TOWN ,58,67.31,7.69,25,0,15648,GHY LTT EXPRESS
NFK,NEW FARAKKA JN ,64,61.54,13.46,25,0,15648,GHY LTT EXPRESS
BHW,BARHARWA JN ,60,57.69,19.23,23.08,0,15648,GHY LTT EXPRESS
SBG,SAHIBGANJ JN ,62,55.77,21.15,23.08,0,15648,GHY LTT EXPRESS
CLG,KAHALGAON ,68,48.08,25,26.92,0,15648,GHY LTT EXPRESS
BGP,BHAGALPUR ,56,63.46,13.46,23.08,0,15648,GHY LTT EXPRESS
SGG,SULTANGANJ ,61,59.62,17.31,23.08,0,15648,GHY LTT EXPRESS
BUP,BARIARPUR ,59,61.54,15.38,23.08,0,15648,GHY LTT EXPRESS
JMP,JAMALPUR JN ,56,69.23,9.62,21.15,0,15648,GHY LTT EXPRESS
AHA,ABHAIPUR ,62,51.92,9.62,21.15,17.31,15648,GHY LTT EXPRESS
KIUL,KIUL JN ,54,73.08,3.85,23.08,0,15648,GHY LTT EXPRESS
LKR,LUCKEESARAI JN ,57,71.15,5.77,23.08,0,15648,GHY LTT EXPRESS
BRYA,BARHIYA ,63,71.15,5.77,23.08,0,15648,GHY LTT EXPRESS
HTZ,HATHIDAH JN ,65,63.46,13.46,23.08,0,15648,GHY LTT EXPRESS
MKA,MOKAMEH JN ,67,55.77,21.15,23.08,0,15648,GHY LTT EXPRESS
BARH,BARH ,79,23.08,51.92,25,0,15648,GHY LTT EXPRESS
BKP,BAKHTIYARPUR JN ,80,28.85,46.15,25,0,15648,GHY LTT EXPRESS
KOO,KHUSROPUR ,85,17.31,55.77,26.92,0,15648,GHY LTT EXPRESS
FUT,FATUHA JN ,89,15.38,53.85,30.77,0,15648,GHY LTT EXPRESS
PNC,PATNA SAHEB ,83,25,48.08,26.92,0,15648,GHY LTT EXPRESS
PNBE,PATNA JN ,85,28.85,46.15,25,0,15648,GHY LTT EXPRESS
DNR,DANAPUR ,95,19.23,50,30.77,0,15648,GHY LTT EXPRESS
ARA,ARA ,107,11.54,51.92,36.54,0,15648,GHY LTT EXPRESS
DURE,DUMRAON ,117,7.69,50,42.31,0,15648,GHY LTT EXPRESS
BXR,BUXAR ,115,11.54,44.23,44.23,0,15648,GHY LTT EXPRESS
DLN,DILDARNAGAR JN ,124,1.92,50,48.08,0,15648,GHY LTT EXPRESS
DDU,PT DEEN DAYAL UPADHYAY JN ,92,46.15,19.23,34.62,0,15648,GHY LTT EXPRESS
MZP,MIRZAPUR ,105,21.15,44.23,34.62,0,15648,GHY LTT EXPRESS
PCOI,PRAYAGRAJ CHHEOKI ,132,11.54,25,63.46,0,15648,GHY LTT EXPRESS
STA,SATNA ,159,9.62,15.38,75,0,15648,GHY LTT EXPRESS
MYR,MAIHAR ,64,0,1.92,1.92,96.15,15648,GHY LTT EXPRESS
KTE,KATNI ,172,7.69,11.54,80.77,0,15648,GHY LTT EXPRESS
JBP,JABALPUR ,182,3.85,15.38,80.77,0,15648,GHY LTT EXPRESS
PPI,PIPARIYA ,204,3.85,9.62,86.54,0,15648,GHY LTT EXPRESS
ET,ITARSI JN ,182,7.69,11.54,80.77,0,15648,GHY LTT EXPRESS
HD,HARDA ,203,1.92,13.46,84.62,0,15648,GHY LTT EXPRESS
KNW,KHANDWA ,190,9.62,13.46,76.92,0,15648,GHY LTT EXPRESS
BAU,BURHANPUR ,192,9.62,15.38,75,0,15648,GHY LTT EXPRESS
BSL,BHUSAVAL JN ,195,9.62,15.38,75,0,15648,GHY LTT EXPRESS
MMR,MANMAD JN ,205,11.54,9.62,78.85,0,15648,GHY LTT EXPRESS
NK,NASIK ROAD ,207,11.54,11.54,76.92,0,15648,GHY LTT EXPRESS
KYN,KALYAN JN ,215,5.77,15.38,78.85,0,15648,GHY LTT EXPRESS
TNA,THANE ,164,19.23,9.62,71.15,0,15648,GHY LTT EXPRESS
LTT,LOKMANYATILAK T ,151,15.38,11.54,55.77,17.31,15648,GHY LTT EXPRESS
DBRG,DIBRUGARH ,8,90.41,3.29,1.37,4.93,15909,AVADH ASSAM EXP
NTSK,NEW TINSUKIA JN ,10,84.11,9.32,1.64,4.93,15909,AVADH ASSAM EXP
BOJ,BHOJO ,22,31.78,61.1,2.19,4.93,15909,AVADH ASSAM EXP
SLGR,SIMALUGURI JN ,25,24.93,67.67,2.47,4.93,15909,AVADH ASSAM EXP
MXN,MARIANI JN ,25,22.47,69.86,2.74,4.93,15909,AVADH ASSAM EXP
FKG,FURKATING JN ,10,87.95,4.93,2.19,4.93,15909,AVADH ASSAM EXP
SZR,SARUPATHAR ,16,63.84,28.77,2.47,4.93,15909,AVADH ASSAM EXP
DMV,DIMAPUR ,24,43.56,48.49,3.01,4.93,15909,AVADH ASSAM EXP
DPU,DIPHU ,30,22.74,68.22,4.11,4.93,15909,AVADH ASSAM EXP
LMG,LUMDING JN ,26,40,51.51,3.56,4.93,15909,AVADH ASSAM EXP
HJI,HOJAI ,39,13.42,71.23,10.41,4.93,15909,AVADH ASSAM EXP
CPK,CHAPARMUKH JN ,48,13.97,58.36,22.74,4.93,15909,AVADH ASSAM EXP
JID,JAGI ROAD ,58,9.04,49.86,36.16,4.93,15909,AVADH ASSAM EXP
GHY,GUWAHATI ,17,70.41,16.44,8.22,4.93,15909,AVADH ASSAM EXP
KYQ,KAMAKHYA ,18,70.41,16.16,8.49,4.93,15909,AVADH ASSAM EXP
RNY,RANGIYA JN ,25,58.63,25.21,10.41,5.75,15909,AVADH ASSAM EXP
BPRD,BARPETA ROAD ,50,23.29,47.95,23.01,5.75,15909,AVADH ASSAM EXP
BNGN,BONGAIGAON ,29,1.1,1.92,0.55,96.44,15909,AVADH ASSAM EXP
NBQ,NEW BONGAIGAON ,39,44.11,27.95,19.45,8.49,15909,AVADH ASSAM EXP
NOQ,NEW ALIPURDAUR ,48,30.41,41.64,22.74,5.21,15909,AVADH ASSAM EXP
NCB,NEW COOCH BEHAR ,46,36.71,35.62,22.74,4.93,15909,AVADH ASSAM EXP
DQG,DHUPGURI ,47,37.53,34.79,22.74,4.93,15909,AVADH ASSAM EXP
JPE,JALPAIGURI ROAD ,49,33.42,38.63,23.01,4.93,15909,AVADH ASSAM EXP
NJP,NEW JALPAIGURI ,45,38.63,35.07,21.37,4.93,15909,AVADH ASSAM EXP
AUB,ALUABARI ROAD ,59,18.63,49.04,27.4,4.93,15909,AVADH ASSAM EXP
KNE,KISHANGANJ ,62,14.52,49.32,31.23,4.93,15909,AVADH ASSAM EXP
DLK,DALKOLHA ,68,8.22,53.42,33.42,4.93,15909,AVADH ASSAM EXP
BOE,BARSOI JN ,68,6.03,56.44,32.6,4.93,15909,AVADH ASSAM EXP
AZR,AZAMNAGAR ROAD ,72,3.84,55.07,36.16,4.93,15909,AVADH ASSAM EXP
KIR,KATIHAR JN ,31,72.88,6.85,15.34,4.93,15909,AVADH ASSAM EXP
NNA,NAUGACHIA ,44,39.18,38.36,17.53,4.93,15909,AVADH ASSAM EXP
THB,THANA BIHPUR JN ,49,30.14,45.21,19.73,4.93,15909,AVADH ASSAM EXP
MNE,MANSI JN ,60,20.27,49.59,25.21,4.93,15909,AVADH ASSAM EXP
KGG,KHAGARIA JN ,66,13.97,53.42,27.67,4.93,15909,AVADH ASSAM EXP
BGS,BEGU SARAI ,77,7.12,50.41,37.53,4.93,15909,AVADH ASSAM EXP
BJU,BARAUNI JN ,71,20,41.37,33.7,4.93,15909,AVADH ASSAM EXP
DSS,DALSINGH SARAI ,86,7.12,43.29,44.66,4.93,15909,AVADH ASSAM EXP
SPJ,SAMASTIPUR JN ,81,17.26,35.89,41.92,4.93,15909,AVADH ASSAM EXP
MFP,MUZAFFARPUR JN ,92,9.59,33.7,51.78,4.93,15909,AVADH ASSAM EXP
HJP,HAJIPUR JN ,96,9.32,33.42,52.33,4.93,15909,AVADH ASSAM EXP
SEE,SONPUR JN ,102,3.56,26.03,43.56,26.85,15909,AVADH ASSAM EXP
CPR,CHHAPRA ,72,32.05,25.75,37.26,4.93,15909,AVADH ASSAM EXP
EKMA,EKMA ,81,10.96,27.67,30.14,31.23,15909,AVADH ASSAM EXP
SV,SIWAN JN ,59,42.47,21.92,30.68,4.93,15909,AVADH ASSAM EXP
BHTR,BHATPAR RANI ,65,4.11,3.01,3.29,89.59,15909,AVADH ASSAM EXP
BTT,BHATNI JN ,64,34.25,27.4,33.15,5.21,15909,AVADH ASSAM EXP
DEOS,DEORIA SADAR ,63,36.16,26.58,32.05,5.21,15909,AVADH ASSAM EXP
GKP,GORAKHPUR JN ,78,23.01,31.23,40.82,4.93,15909,AVADH ASSAM EXP
KLD,KHALILABAD ,81,20,32.33,42.74,4.93,15909,AVADH ASSAM EXP
BST,BASTI ,86,15.62,32.88,46.58,4.93,15909,AVADH ASSAM EXP
MUR,MANKAPUR JN ,94,9.59,35.62,49.86,4.93,15909,AVADH ASSAM EXP
GD,GONDA JN ,100,6.85,35.89,52.33,4.93,15909,AVADH ASSAM EXP
BBK,BARABANKI JN ,96,20,21.64,46.58,11.78,15909,AVADH ASSAM EXP
LKO,LUCKNOW NR ,84,30.41,15.89,41.92,11.78,15909,AVADH ASSAM EXP
BLM,BALAMU JN ,79,21.1,30.96,36.16,11.78,15909,AVADH ASSAM EXP
HRI,HARDOI ,90,8.22,40.27,39.73,11.78,15909,AVADH ASSAM EXP
SPN,SHAHJEHANPUR ,70,25.48,36.44,33.15,4.93,15909,AVADH ASSAM EXP
BE,BAREILLY ,70,33.15,28.49,33.42,4.93,15909,AVADH ASSAM EXP
RMU,RAMPUR ,89,12.88,40.27,41.92,4.93,15909,AVADH ASSAM EXP
MB,MORADABAD ,89,18.36,32.33,44.38,4.93,15909,AVADH ASSAM EXP
AMRO,AMROHA ,94,16.99,33.42,44.66,4.93,15909,AVADH ASSAM EXP
HPU,HAPUR ,103,13.42,30.68,50.96,4.93,15909,AVADH ASSAM EXP
PKW,PILKHUA ,105,12.6,30.96,51.51,4.93,15909,AVADH ASSAM EXP
GZB,GHAZIABAD ,112,14.79,25.21,55.07,4.93,15909,AVADH ASSAM EXP
DLI,DELHI ,129,7.67,25.48,60.55,6.3,15909,AVADH ASSAM EXP
DKZ,DELHI KISHANGNJ ,135,4.66,25.21,65.21,4.93,15909,AVADH ASSAM EXP
SSB,SHAKURBASTI ,144,2.19,23.29,69.59,4.93,15909,AVADH ASSAM EXP
NNO,NANGLOI ,150,1.1,21.37,72.6,4.93,15909,AVADH ASSAM EXP
BGZ,BAHADURGARH ,154,0.55,19.18,75.34,4.93,15909,AVADH ASSAM EXP
ROK,ROHTAK JN ,154,0.55,20.55,73.97,4.93,15909,AVADH ASSAM EXP
JIND,JIND JN ,159,0.27,16.16,78.63,4.93,15909,AVADH ASSAM EXP
NRW,NARWANA JN ,164,0,14.25,80.82,4.93,15909,AVADH ASSAM EXP
TUN,TOHANA ,164,0,14.79,80.27,4.93,15909,AVADH ASSAM EXP
JHL,JAKHAL JN ,162,0.55,15.34,79.18,4.93,15909,AVADH ASSAM EXP
BRZ,BARETA ,163,0.55,15.07,79.45,4.93,15909,AVADH ASSAM EXP
BLZ,BUDHLADA ,164,0.55,13.7,80.82,4.93,15909,AVADH ASSAM EXP
MSZ,MANSA ,165,0.55,13.15,81.37,4.93,15909,AVADH ASSAM EXP
MAUR,MAUR ,168,0.55,12.6,81.92,4.93,15909,AVADH ASSAM EXP
BTI,BHATINDA JN ,124,15.62,23.56,55.89,4.93,15909,AVADH ASSAM EXP
MBY,MANDI DABWALI ,142,4.93,24.93,65.21,4.93,15909,AVADH ASSAM EXP
SGRA,SANGARIA ,151,1.64,24.38,69.04,4.93,15909,AVADH ASSAM EXP
HMH,HANUMANGARH JN ,139,1.92,28.22,64.93,4.93,15909,AVADH ASSAM EXP
PGK,PILI BANGAN ,142,1.1,27.67,66.3,4.93,15909,AVADH ASSAM EXP
SOG,SURATGARH JN ,139,1.37,29.59,64.11,4.93,15909,AVADH ASSAM EXP
MHJ,MAHAJAN ,149,0.82,24.38,69.86,4.93,15909,AVADH ASSAM EXP
LKS,LUNKARANSAR ,153,0.27,22.47,72.33,4.93,15909,AVADH ASSAM EXP
LGH,LALGARH JN ,107,26.3,17.81,50.96,4.93,15909,AVADH ASSAM EXP
LGH,LALGARH JN ,11,90.96,1.64,2.47,4.93,15910,AVADH ASSAM EXP
LKS,LUNKARANSAR ,18,78.36,13.15,3.56,4.93,15910,AVADH ASSAM EXP
MHJ,MAHAJAN ,28,21.64,70.14,3.29,4.93,15910,AVADH ASSAM EXP
SOG,SURATGARH JN ,21,53.42,38.36,3.29,4.93,15910,AVADH ASSAM EXP
PGK,PILI BANGAN ,23,44.38,47.12,3.56,4.93,15910,AVADH ASSAM EXP
HMH,HANUMANGARH JN ,23,44.66,46.3,4.11,4.93,15910,AVADH ASSAM EXP
SGRA,SANGARIA ,27,34.52,55.89,4.66,4.93,15910,AVADH ASSAM EXP
MBY,MANDI DABWALI ,31,22.19,67.67,5.21,4.93,15910,AVADH ASSAM EXP
BTI,BHATINDA JN ,11,88.77,2.47,3.84,4.93,15910,AVADH ASSAM EXP
MAUR,MAUR ,20,80.82,9.86,4.38,4.93,15910,AVADH ASSAM EXP
MSZ,MANSA ,21,77.26,12.88,4.93,4.93,15910,AVADH ASSAM EXP
BLZ,BUDHLADA ,22,73.97,15.89,5.21,4.93,15910,AVADH ASSAM EXP
BRZ,BARETA ,24,65.75,23.56,5.75,4.93,15910,AVADH ASSAM EXP
JHL,JAKHAL JN ,25,60.55,28.22,6.3,4.93,15910,AVADH ASSAM EXP
TUN,TOHANA ,26,56.99,31.23,6.85,4.93,15910,AVADH ASSAM EXP
NRW,NARWANA JN ,28,47.95,39.18,7.95,4.93,15910,AVADH ASSAM EXP
JIND,JIND JN ,29,47.95,38.9,8.22,4.93,15910,AVADH ASSAM EXP
ROK,ROHTAK JN ,30,46.3,38.9,9.86,4.93,15910,AVADH ASSAM EXP
BGZ,BAHADURGARH ,29,49.04,35.89,10.14,4.93,15910,AVADH ASSAM EXP
SSB,SHAKURBASTI ,26,64.66,20.82,9.59,4.93,15910,AVADH ASSAM EXP
DKZ,DELHI KISHANGNJ ,31,55.07,29.04,10.96,4.93,15910,AVADH ASSAM EXP
DLI,DELHI ,30,54.79,27.4,11.23,6.58,15910,AVADH ASSAM EXP
GZB,GHAZIABAD ,29,58.9,23.56,12.33,5.21,15910,AVADH ASSAM EXP
PKW,PILKHUA ,36,44.66,36.16,13.7,5.48,15910,AVADH ASSAM EXP
HPU,HAPUR ,39,40.82,39.73,13.97,5.48,15910,AVADH ASSAM EXP
AMRO,AMROHA ,48,26.85,49.32,18.36,5.48,15910,AVADH ASSAM EXP
MB,MORADABAD ,52,27.95,46.85,20,5.21,15910,AVADH ASSAM EXP
RMU,RAMPUR ,67,12.6,52.6,29.04,5.75,15910,AVADH ASSAM EXP
BE,BAREILLY ,89,3.56,43.56,47.12,5.75,15910,AVADH ASSAM EXP
SPN,SHAHJEHANPUR ,99,6.85,34.79,52.6,5.75,15910,AVADH ASSAM EXP
HRI,HARDOI ,108,9.04,20,57.81,13.15,15910,AVADH ASSAM EXP
BLM,BALAMU JN ,115,7.95,17.81,61.1,13.15,15910,AVADH ASSAM EXP
LKO,LUCKNOW NR ,118,11.78,13.42,61.64,13.15,15910,AVADH ASSAM EXP
BBK,BARABANKI JN ,103,15.07,16.16,55.62,13.15,15910,AVADH ASSAM EXP
JLD,JARWAL ROAD ,112,11.51,20.82,62.47,5.21,15910,AVADH ASSAM EXP
GD,GONDA JN ,108,13.97,19.18,61.64,5.21,15910,AVADH ASSAM EXP
MUR,MANKAPUR JN ,114,7.67,23.56,63.56,5.21,15910,AVADH ASSAM EXP
BST,BASTI ,117,8.49,21.37,64.93,5.21,15910,AVADH ASSAM EXP
KLD,KHALILABAD ,119,6.85,23.56,64.38,5.21,15910,AVADH ASSAM EXP
GKP,GORAKHPUR JN ,93,21.92,18.08,54.79,5.21,15910,AVADH ASSAM EXP
DEOS,DEORIA SADAR ,99,10.96,26.3,57.53,5.21,15910,AVADH ASSAM EXP
BTT,BHATNI JN ,100,10.96,26.85,56.99,5.21,15910,AVADH ASSAM EXP
BHTR,BHATPAR RANI ,105,2.74,1.37,6.3,89.59,15910,AVADH ASSAM EXP
SV,SIWAN JN ,88,21.37,21.92,51.51,5.21,15910,AVADH ASSAM EXP
EKMA,EKMA ,88,16.44,15.07,36.99,31.51,15910,AVADH ASSAM EXP
CPR,CHHAPRA ,77,33.15,19.73,41.92,5.21,15910,AVADH ASSAM EXP
SEE,SONPUR JN ,78,22.19,22.47,28.22,27.12,15910,AVADH ASSAM EXP
HJP,HAJIPUR JN ,80,27.95,27.4,39.45,5.21,15910,AVADH ASSAM EXP
MFP,MUZAFFARPUR JN ,94,13.97,33.7,47.12,5.21,15910,AVADH ASSAM EXP
SPJ,SAMASTIPUR JN ,100,16.44,26.3,52.05,5.21,15910,AVADH ASSAM EXP
DSS,DALSINGH SARAI ,108,11.23,27.67,55.89,5.21,15910,AVADH ASSAM EXP
BJU,BARAUNI JN ,101,16.71,25.75,52.33,5.21,15910,AVADH ASSAM EXP
BGS,BEGU SARAI ,109,10.68,29.04,55.07,5.21,15910,AVADH ASSAM EXP
KGG,KHAGARIA JN ,121,6.3,28.22,60.27,5.21,15910,AVADH ASSAM EXP
MNE,MANSI JN ,124,4.93,28.22,61.64,5.21,15910,AVADH ASSAM EXP
THB,THANA BIHPUR JN ,127,4.38,27.4,63.01,5.21,15910,AVADH ASSAM EXP
NNA,NAUGACHIA ,132,1.92,29.04,63.84,5.21,15910,AVADH ASSAM EXP
KIR,KATIHAR JN ,101,27.4,20.82,46.58,5.21,15910,AVADH ASSAM EXP
AZR,AZAMNAGAR ROAD ,114,14.79,26.85,51.23,7.12,15910,AVADH ASSAM EXP
BOE,BARSOI JN ,120,8.49,30.96,55.34,5.21,15910,AVADH ASSAM EXP
DLK,DALKOLHA ,132,3.29,28.77,62.74,5.21,15910,AVADH ASSAM EXP
KNE,KISHANGANJ ,138,2.19,27.12,65.48,5.21,15910,AVADH ASSAM EXP
AUB,ALUABARI ROAD ,145,1.37,23.84,69.59,5.21,15910,AVADH ASSAM EXP
NJP,NEW JALPAIGURI ,142,3.56,26.03,65.21,5.21,15910,AVADH ASSAM EXP
JPE,JALPAIGURI ROAD ,120,14.25,22.47,58.08,5.21,15910,AVADH ASSAM EXP
DQG,DHUPGURI ,123,13.97,23.01,57.81,5.21,15910,AVADH ASSAM EXP
NCB,NEW COOCH BEHAR ,121,15.62,22.74,56.44,5.21,15910,AVADH ASSAM EXP
NOQ,NEW ALIPURDAUR ,120,17.26,21.37,56.16,5.21,15910,AVADH ASSAM EXP
NBQ,NEW BONGAIGAON ,108,25.75,18.36,50.68,5.21,15910,AVADH ASSAM EXP
BPRD,BARPETA ROAD ,128,15.62,20.55,58.63,5.21,15910,AVADH ASSAM EXP
RNY,RANGIYA JN ,147,7.4,21.64,65.75,5.21,15910,AVADH ASSAM EXP
KYQ,KAMAKHYA ,142,18.63,14.79,61.37,5.21,15910,AVADH ASSAM EXP
GHY,GUWAHATI ,160,11.23,18.63,64.93,5.21,15910,AVADH ASSAM EXP
JID,JAGI ROAD ,177,2.19,20.27,72.33,5.21,15910,AVADH ASSAM EXP
CPK,CHAPARMUKH JN ,183,1.92,19.73,73.15,5.21,15910,AVADH ASSAM EXP
HJI,HOJAI ,187,1.64,18.9,74.25,5.21,15910,AVADH ASSAM EXP
LMG,LUMDING JN ,176,3.56,18.36,72.88,5.21,15910,AVADH ASSAM EXP
DPU,DIPHU ,182,3.29,16.16,75.34,5.21,15910,AVADH ASSAM EXP
DMV,DIMAPUR ,189,1.92,15.34,77.53,5.21,15910,AVADH ASSAM EXP
SZR,SARUPATHAR ,189,3.29,14.79,76.71,5.21,15910,AVADH ASSAM EXP
FKG,FURKATING JN ,169,13.42,7.95,73.42,5.21,15910,AVADH ASSAM EXP
MXN,MARIANI JN ,182,4.66,15.62,74.52,5.21,15910,AVADH ASSAM EXP
SLGR,SIMALUGURI JN ,189,5.21,14.25,75.34,5.21,15910,AVADH ASSAM EXP
BOJ,BHOJO ,182,9.86,10.41,74.52,5.21,15910,AVADH ASSAM EXP
NTSK,NEW TINSUKIA JN ,189,4.66,16.71,73.42,5.21,15910,AVADH ASSAM EXP
DBRG,DIBRUGARH ,167,18.08,8.77,67.95,5.21,15910,AVADH ASSAM EXP
LTT,LOKMANYATILAK T ,11,93.27,4.81,1.92,0,15945,LTT DBRG EXPRESS
KYN,KALYAN JN ,26,51.92,44.23,3.85,0,15945,LTT DBRG EXPRESS
NK,NASIK ROAD ,18,80.77,16.35,2.88,0,15945,LTT DBRG EXPRESS
MMR,MANMAD JN ,20,81.73,13.46,4.81,0,15945,LTT DBRG EXPRESS
BSL,BHUSAVAL JN ,24,66.35,26.92,6.73,0,15945,LTT DBRG EXPRESS
BAU,BURHANPUR ,25,65.38,28.85,5.77,0,15945,LTT DBRG EXPRESS
KNW,KHANDWA ,17,85.58,8.65,5.77,0,15945,LTT DBRG EXPRESS
HD,HARDA ,25,75.96,14.42,9.62,0,15945,LTT DBRG EXPRESS
ET,ITARSI JN ,27,75.96,12.5,11.54,0,15945,LTT DBRG EXPRESS
JBP,JABALPUR ,42,42.31,43.27,14.42,0,15945,LTT DBRG EXPRESS
KTE,KATNI ,72,2.88,64.42,32.69,0,15945,LTT DBRG EXPRESS
MYR,MAIHAR ,32,0,2.88,0,97.12,15945,LTT DBRG EXPRESS
STA,SATNA ,81,0,63.46,36.54,0,15945,LTT DBRG EXPRESS
PCOI,PRAYAGRAJ CHHEOKI ,85,13.46,43.27,43.27,0,15945,LTT DBRG EXPRESS
MZP,MIRZAPUR ,93,14.42,35.58,50,0,15945,LTT DBRG EXPRESS
DDU,PT DEEN DAYAL UPADHYAY JN ,79,43.27,18.27,38.46,0,15945,LTT DBRG EXPRESS
DLN,DILDARNAGAR JN ,75,43.27,17.31,37.5,1.92,15945,LTT DBRG EXPRESS
BXR,BUXAR ,74,41.35,23.08,33.65,1.92,15945,LTT DBRG EXPRESS
DURE,DUMRAON ,76,38.46,25.96,33.65,1.92,15945,LTT DBRG EXPRESS
ARA,ARA ,72,43.27,21.15,33.65,1.92,15945,LTT DBRG EXPRESS
DNR,DANAPUR ,80,25.96,37.5,34.62,1.92,15945,LTT DBRG EXPRESS
PNBE,PATNA JN ,60,51.92,15.38,30.77,1.92,15945,LTT DBRG EXPRESS
PNC,PATNA SAHEB ,68,39.42,25.96,32.69,1.92,15945,LTT DBRG EXPRESS
BKP,BAKHTIYARPUR JN ,77,33.65,24.04,40.38,1.92,15945,LTT DBRG EXPRESS
BARH,BARH ,86,20.19,36.54,41.35,1.92,15945,LTT DBRG EXPRESS
MKA,MOKAMEH JN ,88,19.23,34.62,44.23,1.92,15945,LTT DBRG EXPRESS
NBJU,NEW BARAUNI JN ,66,47.12,15.38,35.58,1.92,15945,LTT DBRG EXPRESS
BGS,BEGU SARAI ,69,42.31,20.19,35.58,1.92,15945,LTT DBRG EXPRESS
KGG,KHAGARIA JN ,68,38.46,25,34.62,1.92,15945,LTT DBRG EXPRESS
MNE,MANSI JN ,68,35.58,27.88,34.62,1.92,15945,LTT DBRG EXPRESS
THB,THANA BIHPUR JN ,70,32.69,30.77,34.62,1.92,15945,LTT DBRG EXPRESS
NNA,NAUGACHIA ,73,27.88,34.62,35.58,1.92,15945,LTT DBRG EXPRESS
KIR,KATIHAR JN ,62,50,19.23,29.81,0.96,15945,LTT DBRG EXPRESS
BOE,BARSOI JN ,84,23.08,39.42,36.54,0.96,15945,LTT DBRG EXPRESS
KNE,KISHANGANJ ,95,14.42,39.42,45.19,0.96,15945,LTT DBRG EXPRESS
NJP,NEW JALPAIGURI ,94,27.88,27.88,44.23,0,15945,LTT DBRG EXPRESS
DQG,DHUPGURI ,86,41.35,23.08,35.58,0,15945,LTT DBRG EXPRESS
NCB,NEW COOCH BEHAR ,88,39.42,23.08,37.5,0,15945,LTT DBRG EXPRESS
NOQ,NEW ALIPURDAUR ,90,37.5,25.96,36.54,0,15945,LTT DBRG EXPRESS
KOJ,KOKRAJHAR ,105,22.12,33.65,44.23,0,15945,LTT DBRG EXPRESS
NBQ,NEW BONGAIGAON ,89,47.12,18.27,34.62,0,15945,LTT DBRG EXPRESS
BPRD,BARPETA ROAD ,115,24.04,30.77,45.19,0,15945,LTT DBRG EXPRESS
RNY,RANGIYA JN ,148,9.62,30.77,59.62,0,15945,LTT DBRG EXPRESS
KYQ,KAMAKHYA ,127,20.19,31.73,48.08,0,15945,LTT DBRG EXPRESS
GHY,GUWAHATI ,126,25,26.92,48.08,0,15945,LTT DBRG EXPRESS
HJI,HOJAI ,162,4.81,33.65,61.54,0,15945,LTT DBRG EXPRESS
LMG,LUMDING JN ,163,10.58,25.96,63.46,0,15945,LTT DBRG EXPRESS
DPU,DIPHU ,173,6.73,26.92,66.35,0,15945,LTT DBRG EXPRESS
DMV,DIMAPUR ,180,9.62,24.04,66.35,0,15945,LTT DBRG EXPRESS
FKG,FURKATING JN ,145,29.81,17.31,52.88,0,15945,LTT DBRG EXPRESS
MXN,MARIANI JN ,154,15.38,31.73,52.88,0,15945,LTT DBRG EXPRESS
SLGR,SIMALUGURI JN ,159,10.58,36.54,52.88,0,15945,LTT DBRG EXPRESS
NTSK,NEW TINSUKIA JN ,156,14.42,33.65,51.92,0,15945,LTT DBRG EXPRESS
DBRG,DIBRUGARH ,131,43.27,9.62,47.12,0,15945,LTT DBRG EXPRESS
DBRG,DIBRUGARH ,2,99.04,0.96,0,0,15946,DBRG LTT EXPRESS
NTSK,NEW TINSUKIA JN ,9,79.81,19.23,0.96,0,15946,DBRG LTT EXPRESS
SLGR,SIMALUGURI JN ,12,73.08,25.96,0.96,0,15946,DBRG LTT EXPRESS
MXN,MARIANI JN ,12,70.19,27.88,1.92,0,15946,DBRG LTT EXPRESS
FKG,FURKATING JN ,2,97.12,1.92,0.96,0,15946,DBRG LTT EXPRESS
DMV,DIMAPUR ,11,73.08,25,1.92,0,15946,DBRG LTT EXPRESS
DPU,DIPHU ,12,69.23,29.81,0.96,0,15946,DBRG LTT EXPRESS
LMG,LUMDING JN ,12,74.04,25,0.96,0,15946,DBRG LTT EXPRESS
HJI,HOJAI ,17,57.69,39.42,2.88,0,15946,DBRG LTT EXPRESS
CPK,CHAPARMUKH JN ,22,0,0.96,0,99.04,15946,DBRG LTT EXPRESS
GHY,GUWAHATI ,42,25.96,50.96,23.08,0,15946,DBRG LTT EXPRESS
KYQ,KAMAKHYA ,40,32.69,44.23,23.08,0,15946,DBRG LTT EXPRESS
RNY,RANGIYA JN ,43,36.54,28.85,33.65,0.96,15946,DBRG LTT EXPRESS
BPRD,BARPETA ROAD ,75,10.58,42.31,46.15,0.96,15946,DBRG LTT EXPRESS
BNGN,BONGAIGAON ,102,0,0,3.85,96.15,15946,DBRG LTT EXPRESS
NBQ,NEW BONGAIGAON ,60,32.69,27.88,35.58,3.85,15946,DBRG LTT EXPRESS
KOJ,KOKRAJHAR ,60,32.69,28.85,38.46,0,15946,DBRG LTT EXPRESS
NOQ,NEW ALIPURDAUR ,69,19.23,34.62,46.15,0,15946,DBRG LTT EXPRESS
NCB,NEW COOCH BEHAR ,72,20.19,33.65,46.15,0,15946,DBRG LTT EXPRESS
DQG,DHUPGURI ,74,19.23,33.65,47.12,0,15946,DBRG LTT EXPRESS
NJP,NEW JALPAIGURI ,45,51.92,24.04,24.04,0,15946,DBRG LTT EXPRESS
KNE,KISHANGANJ ,55,36.54,28.85,33.65,0.96,15946,DBRG LTT EXPRESS
BOE,BARSOI JN ,58,32.69,33.65,32.69,0.96,15946,DBRG LTT EXPRESS
KIR,KATIHAR JN ,28,75,6.73,17.31,0.96,15946,DBRG LTT EXPRESS
NNA,NAUGACHIA ,38,57.69,23.08,18.27,0.96,15946,DBRG LTT EXPRESS
THB,THANA BIHPUR JN ,39,53.85,25.96,19.23,0.96,15946,DBRG LTT EXPRESS
MNE,MANSI JN ,44,24.04,56.73,18.27,0.96,15946,DBRG LTT EXPRESS
KGG,KHAGARIA JN ,47,24.04,56.73,18.27,0.96,15946,DBRG LTT EXPRESS
BGS,BEGU SARAI ,66,1.92,70.19,26.92,0.96,15946,DBRG LTT EXPRESS
NBJU,NEW BARAUNI JN ,39,44.23,38.46,16.35,0.96,15946,DBRG LTT EXPRESS
MKA,MOKAMEH JN ,49,32.69,47.12,19.23,0.96,15946,DBRG LTT EXPRESS
BARH,BARH ,68,6.73,48.08,44.23,0.96,15946,DBRG LTT EXPRESS
BKP,BAKHTIYARPUR JN ,72,2.88,47.12,49.04,0.96,15946,DBRG LTT EXPRESS
PNC,PATNA SAHEB ,51,11.54,72.12,15.38,0.96,15946,DBRG LTT EXPRESS
PNBE,PATNA JN ,33,45.19,42.31,11.54,0.96,15946,DBRG LTT EXPRESS
DNR,DANAPUR ,36,41.35,46.15,11.54,0.96,15946,DBRG LTT EXPRESS
ARA,ARA ,44,27.88,56.73,14.42,0.96,15946,DBRG LTT EXPRESS
DURE,DUMRAON ,34,47.12,41.35,10.58,0.96,15946,DBRG LTT EXPRESS
BXR,BUXAR ,31,57.69,31.73,9.62,0.96,15946,DBRG LTT EXPRESS
DLN,DILDARNAGAR JN ,39,39.42,49.04,10.58,0.96,15946,DBRG LTT EXPRESS
DDU,PT DEEN DAYAL UPADHYAY JN ,29,84.62,5.77,9.62,0,15946,DBRG LTT EXPRESS
MZP,MIRZAPUR ,47,47.12,34.62,18.27,0,15946,DBRG LTT EXPRESS
PCOI,PRAYAGRAJ CHHEOKI ,82,14.42,42.31,43.27,0,15946,DBRG LTT EXPRESS
STA,SATNA ,114,9.62,29.81,60.58,0,15946,DBRG LTT EXPRESS
MYR,MAIHAR ,139,0,0,2.88,97.12,15946,DBRG LTT EXPRESS
KTE,KATNI ,130,3.85,25.96,70.19,0,15946,DBRG LTT EXPRESS
JBP,JABALPUR ,141,0.96,25,74.04,0,15946,DBRG LTT EXPRESS
PPI,PIPARIYA ,161,0.96,14.42,84.62,0,15946,DBRG LTT EXPRESS
ET,ITARSI JN ,142,5.77,18.27,75.96,0,15946,DBRG LTT EXPRESS
HD,HARDA ,173,1.92,16.35,81.73,0,15946,DBRG LTT EXPRESS
KNW,KHANDWA ,159,10.58,18.27,71.15,0,15946,DBRG LTT EXPRESS
BAU,BURHANPUR ,162,12.5,17.31,70.19,0,15946,DBRG LTT EXPRESS
BSL,BHUSAVAL JN ,163,13.46,13.46,73.08,0,15946,DBRG LTT EXPRESS
MMR,MANMAD JN ,177,10.58,16.35,73.08,0,15946,DBRG LTT EXPRESS
NK,NASIK ROAD ,176,9.62,18.27,72.12,0,15946,DBRG LTT EXPRESS
KYN,KALYAN JN ,184,5.77,21.15,73.08,0,15946,DBRG LTT EXPRESS
TNA,THANE ,159,14.42,17.31,68.27,0,15946,DBRG LTT EXPRESS
LTT,LOKMANYATILAK T ,160,14.42,12.5,61.54,11.54,15946,DBRG LTT EXPRESS
DBRG,DIBRUGARH ,9,97.31,0.38,2.31,0,15960,KAMRUP EXPRESS
NTSK,NEW TINSUKIA JN ,12,83.85,13.46,2.31,0.38,15960,KAMRUP EXPRESS
DJG,DULIAJAN ,16,71.54,25,3.08,0.38,15960,KAMRUP EXPRESS
NHK,NAHARKATIYA ,26,42.69,53.46,3.46,0.38,15960,KAMRUP EXPRESS
NAM,NAMRUP ,19,64.23,31.92,3.46,0.38,15960,KAMRUP EXPRESS
BOJ,BHOJO ,28,33.46,61.92,4.23,0.38,15960,KAMRUP EXPRESS
SLGR,SIMALUGURI JN ,35,23.46,70.38,6.15,0,15960,KAMRUP EXPRESS
AGI,AMGURI ,25,52.69,41.15,6.15,0,15960,KAMRUP EXPRESS
MXN,MARIANI JN ,29,47.69,43.46,8.85,0,15960,KAMRUP EXPRESS
FKG,FURKATING JN ,14,87.69,5.38,6.92,0,15960,KAMRUP EXPRESS
BXP,BARPATHAR ,27,56.15,35.38,8.46,0,15960,KAMRUP EXPRESS
SZR,SARUPATHAR ,31,45.77,44.62,9.62,0,15960,KAMRUP EXPRESS
DMV,DIMAPUR ,43,20,67.31,12.69,0,15960,KAMRUP EXPRESS
DPU,DIPHU ,38,21.54,65.77,12.69,0,15960,KAMRUP EXPRESS
LMG,LUMDING JN ,33,37.69,51.54,10.77,0,15960,KAMRUP EXPRESS
LKA,LANKA ,29,48.08,39.62,12.31,0,15960,KAMRUP EXPRESS
HJI,HOJAI ,31,46.54,40.38,13.08,0,15960,KAMRUP EXPRESS
CPK,CHAPARMUKH JN ,36,37.31,46.92,15.77,0,15960,KAMRUP EXPRESS
GHY,GUWAHATI ,37,34.62,48.85,16.54,0,15960,KAMRUP EXPRESS
KYQ,KAMAKHYA ,38,33.85,47.69,18.46,0,15960,KAMRUP EXPRESS
RNY,RANGIYA JN ,39,38.85,42.31,17.69,1.15,15960,KAMRUP EXPRESS
NLV,NALBARI ,48,25,53.08,20.77,1.15,15960,KAMRUP EXPRESS
TIHU,TIHU ,54,18.08,56.54,24.23,1.15,15960,KAMRUP EXPRESS
PBL,PATHSALA ,62,8.08,60.77,30,1.15,15960,KAMRUP EXPRESS
BPRD,BARPETA ROAD ,72,5,48.46,45.38,1.15,15960,KAMRUP EXPRESS
SBE,SORBHOG JN ,72,3.85,50.38,44.62,1.15,15960,KAMRUP EXPRESS
BNGN,BONGAIGAON ,69,6.15,50.38,42.31,1.15,15960,KAMRUP EXPRESS
NBQ,NEW BONGAIGAON ,48,34.62,38.08,23.46,3.85,15960,KAMRUP EXPRESS
KOJ,KOKRAJHAR ,52,24.62,48.85,26.54,0,15960,KAMRUP EXPRESS
FKM,FAKIRAGRAM JN ,55,20,51.15,28.85,0,15960,KAMRUP EXPRESS
KAMG,KAMAKHYAGURI ,68,6.15,56.54,37.31,0,15960,KAMRUP EXPRESS
NOQ,NEW ALIPURDAUR ,69,6.15,56.15,37.69,0,15960,KAMRUP EXPRESS
NCB,NEW COOCH BEHAR ,71,6.15,53.85,40,0,15960,KAMRUP EXPRESS
FLK,FALAKATA ,74,4.62,50.77,44.23,0.38,15960,KAMRUP EXPRESS
DQG,DHUPGURI ,70,9.62,48.08,41.92,0.38,15960,KAMRUP EXPRESS
NMX,NEW MAYNAGURI ,71,8.08,48.46,43.08,0.38,15960,KAMRUP EXPRESS
JPE,JALPAIGURI ROAD ,75,5.77,48.08,46.15,0,15960,KAMRUP EXPRESS
NJP,NEW JALPAIGURI ,45,45.77,29.62,24.62,0,15960,KAMRUP EXPRESS
AUB,ALUABARI ROAD ,56,29.23,41.15,29.62,0,15960,KAMRUP EXPRESS
KNE,KISHANGANJ ,61,20,46.54,33.46,0,15960,KAMRUP EXPRESS
HCR,HARISCHANDRPUR ,71,10.38,53.85,35.77,0,15960,KAMRUP EXPRESS
SM,SAMSI ,60,3.08,3.85,3.46,89.62,15960,KAMRUP EXPRESS
MLDT,MALDA TOWN ,39,66.92,5.77,27.31,0,15960,KAMRUP EXPRESS
NFK,NEW FARAKKA JN ,42,63.46,9.62,26.92,0,15960,KAMRUP EXPRESS
DGLE,DHULIAN GANGA ,42,63.46,9.62,26.92,0,15960,KAMRUP EXPRESS
NILE,NIMTITA ,42,63.85,9.62,26.54,0,15960,KAMRUP EXPRESS
JRLE,JANGIPUR ROAD ,45,63.85,8.85,27.31,0,15960,KAMRUP EXPRESS
AZ,AZIMGANJ JN ,39,66.54,8.08,25.38,0,15960,KAMRUP EXPRESS
KGLE,KHAGRAGHAT ROAD ,42,64.62,9.62,25.77,0,15960,KAMRUP EXPRESS
SALE,SALAR ,47,61.54,11.92,26.54,0,15960,KAMRUP EXPRESS
KWAE,KATWA ,39,66.92,8.08,25,0,15960,KAMRUP EXPRESS
NDAE,NABADWIP DHAM ,40,65.38,11.15,23.46,0,15960,KAMRUP EXPRESS
ABKA,AMBIKA KALNA ,42,61.92,15,23.08,0,15960,KAMRUP EXPRESS
BDC,BANDEL JN ,40,65.38,11.92,22.69,0,15960,KAMRUP EXPRESS
HWH,HOWRAH JN ,13,75.77,8.08,16.15,0,15960,KAMRUP EXPRESS
AGTL,AGARTALA ,11,94.23,0,5.77,0,20501,TEJAS EXPRESS
ABSA,AMBASA ,23,78.85,11.54,9.62,0,20501,TEJAS EXPRESS
DMR,DHARMANAGAR ,18,88.46,1.92,9.62,0,20501,TEJAS EXPRESS
NKMG,NEW KARIMGANJ ,17,88.46,3.85,7.69,0,20501,TEJAS EXPRESS
BPB,BADARPUR JN ,23,76.92,15.38,7.69,0,20501,TEJAS EXPRESS
HJI,HOJAI ,22,69.23,21.15,9.62,0,20501,TEJAS EXPRESS
GHY,GUWAHATI ,25,63.46,23.08,13.46,0,20501,TEJAS EXPRESS
RNY,RANGIYA JN ,29,51.92,30.77,11.54,5.77,20501,TEJAS EXPRESS
BPRD,BARPETA ROAD ,43,17.31,63.46,13.46,5.77,20501,TEJAS EXPRESS
NJP,NEW JALPAIGURI ,47,48.08,25,26.92,0,20501,TEJAS EXPRESS
MLDT,MALDA TOWN ,44,11.54,0,1.92,86.54,20501,TEJAS EXPRESS
BGP,BHAGALPUR ,41,11.54,0,1.92,86.54,20501,TEJAS EXPRESS
JMP,JAMALPUR JN ,41,11.54,0,1.92,86.54,20501,TEJAS EXPRESS
PNBE,PATNA JN ,43,9.62,1.92,1.92,86.54,20501,TEJAS EXPRESS
KIR,KATIHAR JN ,55,46.15,7.69,32.69,13.46,20501,TEJAS EXPRESS
BJU,BARAUNI JN ,70,30.77,19.23,36.54,13.46,20501,TEJAS EXPRESS
PPTA,PATLIPUTRA ,57,40.38,17.31,28.85,13.46,20501,TEJAS EXPRESS
DDU,PT DEEN DAYAL UPADHYAY JN ,50,57.69,19.23,23.08,0,20501,TEJAS EXPRESS
CNB,KANPUR CENTRAL ,89,25,36.54,38.46,0,20501,TEJAS EXPRESS
ANVT,ANAND VIHAR TRM ,98,48.08,11.54,40.38,0,20501,TEJAS EXPRESS
DBRG,DIBRUGARH ,5,96.55,3.07,0.38,0,20503,DBRG NDLS RAJEXP
MRHT,MORANHAT ,14,60.15,39.08,0.77,0,20503,DBRG NDLS RAJEXP
SLGR,SIMALUGURI JN ,13,69.35,29.89,0.77,0,20503,DBRG NDLS RAJEXP
MXN,MARIANI JN ,16,63.22,35.25,1.53,0,20503,DBRG NDLS RAJEXP
DMV,DIMAPUR ,20,49.43,47.51,3.07,0,20503,DBRG NDLS RAJEXP
LMG,LUMDING JN ,17,62.45,34.1,3.45,0,20503,DBRG NDLS RAJEXP
GHY,GUWAHATI ,11,79.31,18.01,2.68,0,20503,DBRG NDLS RAJEXP
BNGN,BONGAIGAON ,13,2.68,1.53,0,95.79,20503,DBRG NDLS RAJEXP
NBQ,NEW BONGAIGAON ,25,57.85,27.97,9.96,4.21,20503,DBRG NDLS RAJEXP
KOJ,KOKRAJHAR ,24,62.07,27.59,10.34,0,20503,DBRG NDLS RAJEXP
NOQ,NEW ALIPURDAUR ,37,39.85,42.15,18.01,0,20503,DBRG NDLS RAJEXP
NCB,NEW COOCH BEHAR ,38,39.85,40.61,19.54,0,20503,DBRG NDLS RAJEXP
NJP,NEW JALPAIGURI ,30,59.77,23.75,16.48,0,20503,DBRG NDLS RAJEXP
KNE,KISHANGANJ ,42,43.68,35.25,21.07,0,20503,DBRG NDLS RAJEXP
KIR,KATIHAR JN ,34,59.77,20.69,19.54,0,20503,DBRG NDLS RAJEXP
SPJ,SAMASTIPUR JN ,29,63.98,21.46,14.56,0,20503,DBRG NDLS RAJEXP
MFP,MUZAFFARPUR JN ,35,57.47,24.14,18.39,0,20503,DBRG NDLS RAJEXP
HJP,HAJIPUR JN ,33,60.15,19.92,19.92,0,20503,DBRG NDLS RAJEXP
CPR,CHHAPRA ,28,70.5,14.56,14.94,0,20503,DBRG NDLS RAJEXP
BUI,BALLIA ,38,53.26,26.82,16.86,3.07,20503,DBRG NDLS RAJEXP
BSB,VARANASI JN ,31,66.67,14.94,15.33,3.07,20503,DBRG NDLS RAJEXP
LKO,LUCKNOW NR ,34,69.73,12.26,18.01,0,20503,DBRG NDLS RAJEXP
BE,BAREILLY ,42,55.56,24.9,19.54,0,20503,DBRG NDLS RAJEXP
MB,MORADABAD ,39,59,21.46,19.54,0,20503,DBRG NDLS RAJEXP
NDLS,NEW DELHI ,43,59,19.92,21.07,0,20503,DBRG NDLS RAJEXP
NDLS,NEW DELHI ,1,98.85,0.38,0.77,0,20504,NDLS DBRG RJDHN
MB,MORADABAD ,11,83.08,14.62,2.31,0,20504,NDLS DBRG RJDHN
BE,BAREILLY ,30,26.54,66.92,6.54,0,20504,NDLS DBRG RJDHN
LKO,LUCKNOW NR ,35,30,56.15,13.85,0,20504,NDLS DBRG RJDHN
BSB,VARANASI JN ,34,31.92,51.15,13.85,3.08,20504,NDLS DBRG RJDHN
BUI,BALLIA ,47,17.69,53.08,26.15,3.08,20504,NDLS DBRG RJDHN
CPR,CHHAPRA ,53,19.62,48.85,31.54,0,20504,NDLS DBRG RJDHN
HJP,HAJIPUR JN ,50,24.23,45.77,30,0,20504,NDLS DBRG RJDHN
MFP,MUZAFFARPUR JN ,57,17.31,47.69,35,0,20504,NDLS DBRG RJDHN
SPJ,SAMASTIPUR JN ,52,28.08,36.92,31.15,3.85,20504,NDLS DBRG RJDHN
KIR,KATIHAR JN ,48,36.54,35,25.77,2.69,20504,NDLS DBRG RJDHN
KNE,KISHANGANJ ,68,6.92,52.31,38.08,2.69,20504,NDLS DBRG RJDHN
NJP,NEW JALPAIGURI ,57,21.92,46.15,31.92,0,20504,NDLS DBRG RJDHN
NCB,NEW COOCH BEHAR ,47,44.23,29.62,26.15,0,20504,NDLS DBRG RJDHN
NOQ,NEW ALIPURDAUR ,44,48.85,26.15,25,0,20504,NDLS DBRG RJDHN
KOJ,KOKRAJHAR ,57,29.62,40,30.38,0,20504,NDLS DBRG RJDHN
NBQ,NEW BONGAIGAON ,45,48.85,25.77,25.38,0,20504,NDLS DBRG RJDHN
GHY,GUWAHATI ,85,14.62,40.77,44.62,0,20504,NDLS DBRG RJDHN
LMG,LUMDING JN ,83,18.85,32.69,48.46,0,20504,NDLS DBRG RJDHN
DMV,DIMAPUR ,109,4.62,34.23,61.15,0,20504,NDLS DBRG RJDHN
MXN,MARIANI JN ,69,33.08,27.31,39.62,0,20504,NDLS DBRG RJDHN
SLGR,SIMALUGURI JN ,72,29.62,30.38,40,0,20504,NDLS DBRG RJDHN
MRHT,MORANHAT ,70,34.62,26.54,38.85,0,20504,NDLS DBRG RJDHN
DBRG,DIBRUGARH ,59,52.69,12.69,34.62,0,20504,NDLS DBRG RJDHN
GHY,GUWAHATI ,5,93.27,2.88,3.85,0,22449,PORVOTR S KRNTI
GLPT,GOALPARA TOWN ,38,14.42,70.19,14.42,0.96,22449,PORVOTR S KRNTI
NBQ,NEW BONGAIGAON ,18,75.96,14.42,9.62,0,22449,PORVOTR S KRNTI
NJP,NEW JALPAIGURI ,36,37.5,48.08,14.42,0,22449,PORVOTR S KRNTI
KNE,KISHANGANJ ,50,14.42,61.54,24.04,0,22449,PORVOTR S KRNTI
KIR,KATIHAR JN ,21,74.04,13.46,12.5,0,22449,PORVOTR S KRNTI
BJU,BARAUNI JN ,34,14.42,26.92,8.65,50,22449,PORVOTR S KRNTI
PPTA,PATLIPUTRA ,24,65.38,21.15,13.46,0,22449,PORVOTR S KRNTI
DDU,PT DEEN DAYAL UPADHYAY JN ,28,67.31,18.27,14.42,0,22449,PORVOTR S KRNTI
PRYJ,PRAYAGRAJ JN ,70,24.04,44.23,31.73,0,22449,PORVOTR S KRNTI
CNB,KANPUR CENTRAL ,92,19.23,42.31,38.46,0,22449,PORVOTR S KRNTI
NDLS,NEW DELHI ,101,48.08,13.46,38.46,0,22449,PORVOTR S KRNTI
NDLS,NEW DELHI ,17,85.58,4.81,9.62,0,22450,PORVOTR S KRNTI
CNB,KANPUR CENTRAL ,82,26.92,45.19,27.88,0,22450,PORVOTR S KRNTI
PRYJ,PRAYAGRAJ JN ,107,12.5,44.23,43.27,0,22450,PORVOTR S KRNTI
DDU,PT DEEN DAYAL UPADHYAY JN ,109,39.42,21.15,39.42,0,22450,PORVOTR S KRNTI
PPTA,PATLIPUTRA ,131,28.85,20.19,50,0.96,22450,PORVOTR S KRNTI
BJU,BARAUNI JN ,177,10.58,10.58,27.88,50.96,22450,PORVOTR S KRNTI
KIR,KATIHAR JN ,143,28.85,20.19,50,0.96,22450,PORVOTR S KRNTI
KNE,KISHANGANJ ,166,11.54,29.81,57.69,0.96,22450,PORVOTR S KRNTI
NJP,NEW JALPAIGURI ,171,20.19,23.08,56.73,0,22450,PORVOTR S KRNTI
NBQ,NEW BONGAIGAON ,179,14.42,26.92,58.65,0,22450,PORVOTR S KRNTI
GLPT,GOALPARA TOWN ,187,8.65,32.69,57.69,0.96,22450,PORVOTR S KRNTI
GHY,GUWAHATI ,150,35.58,8.65,55.77,0,22450,PORVOTR S KRNTI
SMVB,SMVT BENGALURU ,11,76.92,13.46,3.85,5.77,22501,NEW TINSUKIA EXP
KJM,KRISHNARAJAPURM ,27,71.15,17.31,5.77,5.77,22501,NEW TINSUKIA EXP
BWT,BANGARAPET ,35,44.23,42.31,7.69,5.77,22501,NEW TINSUKIA EXP
JTJ,JOLARPETTAI ,23,82.69,5.77,5.77,5.77,22501,NEW TINSUKIA EXP
KPD,KATPADI JN ,19,84.62,5.77,3.85,5.77,22501,NEW TINSUKIA EXP
PER,PERAMBUR ,23,65.38,25,1.92,7.69,22501,NEW TINSUKIA EXP
NLR,NELLORE ,44,7.69,73.08,11.54,7.69,22501,NEW TINSUKIA EXP
OGL,ONGOLE ,48,11.54,69.23,11.54,7.69,22501,NEW TINSUKIA EXP
BZA,VIJAYAWADA JN ,51,19.23,57.69,17.31,5.77,22501,NEW TINSUKIA EXP
RJY,RAJAMUNDRY ,87,3.85,42.31,48.08,5.77,22501,NEW TINSUKIA EXP
VSKP,VISHAKAPATNAM ,103,7.69,26.92,59.62,5.77,22501,NEW TINSUKIA EXP
VZM,VIZIANAGRAM JN ,113,1.92,26.92,65.38,5.77,22501,NEW TINSUKIA EXP
BAM,BRAHMAPUR ,106,9.62,19.23,65.38,5.77,22501,NEW TINSUKIA EXP
KUR,KHURDA ROAD JN ,123,7.69,19.23,67.31,5.77,22501,NEW TINSUKIA EXP
BBS,BHUBANESWAR ,129,7.69,17.31,69.23,5.77,22501,NEW TINSUKIA EXP
CTC,CUTTACK ,122,11.54,17.31,65.38,5.77,22501,NEW TINSUKIA EXP
BLS,BALASORE ,144,11.54,11.54,71.15,5.77,22501,NEW TINSUKIA EXP
KGP,KHARAGPUR JN ,158,9.62,5.77,78.85,5.77,22501,NEW TINSUKIA EXP
DKAE,DANKUNI ,169,9.62,9.62,69.23,11.54,22501,NEW TINSUKIA EXP
BHP,BOLPUR S NIKTN ,210,3.85,9.62,75,11.54,22501,NEW TINSUKIA EXP
RPH,RAMPUR HAT ,236,1.92,3.85,82.69,11.54,22501,NEW TINSUKIA EXP
MLDT,MALDA TOWN ,231,3.85,7.69,82.69,5.77,22501,NEW TINSUKIA EXP
KNE,KISHANGANJ ,266,0,5.77,88.46,5.77,22501,NEW TINSUKIA EXP
NJP,NEW JALPAIGURI ,266,0,3.85,90.38,5.77,22501,NEW TINSUKIA EXP
JPE,JALPAIGURI ROAD ,252,3.85,1.92,88.46,5.77,22501,NEW TINSUKIA EXP
NCB,NEW COOCH BEHAR ,272,0,5.77,88.46,5.77,22501,NEW TINSUKIA EXP
NOQ,NEW ALIPURDAUR ,270,0,5.77,88.46,5.77,22501,NEW TINSUKIA EXP
NBQ,NEW BONGAIGAON ,251,3.85,1.92,88.46,5.77,22501,NEW TINSUKIA EXP
GLPT,GOALPARA TOWN ,256,1.92,3.85,88.46,5.77,22501,NEW TINSUKIA EXP
GHY,GUWAHATI ,254,0,9.62,84.62,5.77,22501,NEW TINSUKIA EXP
LMG,LUMDING JN ,281,1.92,7.69,84.62,5.77,22501,NEW TINSUKIA EXP
DPU,DIPHU ,290,1.92,3.85,88.46,5.77,22501,NEW TINSUKIA EXP
DMV,DIMAPUR ,298,1.92,3.85,88.46,5.77,22501,NEW TINSUKIA EXP
FKG,FURKATING JN ,283,3.85,7.69,82.69,5.77,22501,NEW TINSUKIA EXP
MXN,MARIANI JN ,250,7.69,5.77,80.77,5.77,22501,NEW TINSUKIA EXP
SLGR,SIMALUGURI JN ,259,0,11.54,82.69,5.77,22501,NEW TINSUKIA EXP
SRTN,SIBSAGAR TOWN ,249,1.92,11.54,80.77,5.77,22501,NEW TINSUKIA EXP
MRHT,MORANHAT ,248,5.77,7.69,80.77,5.77,22501,NEW TINSUKIA EXP
DBRG,DIBRUGARH ,261,1.92,13.46,78.85,5.77,22501,NEW TINSUKIA EXP
NTSK,NEW TINSUKIA JN ,250,7.69,9.62,76.92,5.77,22501,NEW TINSUKIA EXP
NTSK,NEW TINSUKIA JN ,13,82.69,3.85,7.69,5.77,22502,NTSK SMVB EXPRESS
DBRG,DIBRUGARH ,21,69.23,15.38,9.62,5.77,22502,NTSK SMVB EXPRESS
MRHT,MORANHAT ,33,32.69,51.92,9.62,5.77,22502,NTSK SMVB EXPRESS
SRTN,SIBSAGAR TOWN ,29,50,34.62,9.62,5.77,22502,NTSK SMVB EXPRESS
SLGR,SIMALUGURI JN ,27,51.92,32.69,9.62,5.77,22502,NTSK SMVB EXPRESS
MXN,MARIANI JN ,28,53.85,32.69,7.69,5.77,22502,NTSK SMVB EXPRESS
FKG,FURKATING JN ,18,75,11.54,7.69,5.77,22502,NTSK SMVB EXPRESS
DMV,DIMAPUR ,43,28.85,51.92,13.46,5.77,22502,NTSK SMVB EXPRESS
DPU,DIPHU ,45,21.15,59.62,13.46,5.77,22502,NTSK SMVB EXPRESS
LMG,LUMDING JN ,36,44.23,40.38,9.62,5.77,22502,NTSK SMVB EXPRESS
GHY,GUWAHATI ,22,76.92,7.69,9.62,5.77,22502,NTSK SMVB EXPRESS
GLPT,GOALPARA TOWN ,62,5.77,63.46,25,5.77,22502,NTSK SMVB EXPRESS
NBQ,NEW BONGAIGAON ,49,48.08,28.85,17.31,5.77,22502,NTSK SMVB EXPRESS
NOQ,NEW ALIPURDAUR ,66,21.15,51.92,21.15,5.77,22502,NTSK SMVB EXPRESS
NCB,NEW COOCH BEHAR ,76,7.69,55.77,30.77,5.77,22502,NTSK SMVB EXPRESS
JPE,JALPAIGURI ROAD ,57,30.77,50,13.46,5.77,22502,NTSK SMVB EXPRESS
NJP,NEW JALPAIGURI ,49,34.62,48.08,11.54,5.77,22502,NTSK SMVB EXPRESS
KNE,KISHANGANJ ,75,7.69,48.08,38.46,5.77,22502,NTSK SMVB EXPRESS
MLDT,MALDA TOWN ,43,67.31,9.62,17.31,5.77,22502,NTSK SMVB EXPRESS
RPH,RAMPUR HAT ,53,48.08,23.08,17.31,11.54,22502,NTSK SMVB EXPRESS
BHP,BOLPUR S NIKTN ,63,26.92,40.38,21.15,11.54,22502,NTSK SMVB EXPRESS
DKAE,DANKUNI ,88,7.69,46.15,32.69,13.46,22502,NTSK SMVB EXPRESS
KGP,KHARAGPUR JN ,89,19.23,30.77,44.23,5.77,22502,NTSK SMVB EXPRESS
BLS,BALASORE ,90,17.31,30.77,44.23,7.69,22502,NTSK SMVB EXPRESS
CTC,CUTTACK ,114,9.62,23.08,59.62,7.69,22502,NTSK SMVB EXPRESS
BBS,BHUBANESWAR ,114,13.46,19.23,59.62,7.69,22502,NTSK SMVB EXPRESS
KUR,KHURDA ROAD JN ,117,13.46,19.23,59.62,7.69,22502,NTSK SMVB EXPRESS
BAM,BRAHMAPUR ,131,13.46,17.31,61.54,7.69,22502,NTSK SMVB EXPRESS
VZM,VIZIANAGRAM JN ,124,17.31,15.38,61.54,5.77,22502,NTSK SMVB EXPRESS
VSKP,VISHAKAPATNAM ,125,23.08,11.54,59.62,5.77,22502,NTSK SMVB EXPRESS
RJY,RAJAMUNDRY ,158,7.69,19.23,67.31,5.77,22502,NTSK SMVB EXPRESS
BZA,VIJAYAWADA JN ,175,5.77,19.23,69.23,5.77,22502,NTSK SMVB EXPRESS
OGL,ONGOLE ,184,7.69,13.46,73.08,5.77,22502,NTSK SMVB EXPRESS
NLR,NELLORE ,196,5.77,17.31,71.15,5.77,22502,NTSK SMVB EXPRESS
PER,PERAMBUR ,210,7.69,11.54,75,5.77,22502,NTSK SMVB EXPRESS
KPD,KATPADI JN ,206,11.54,17.31,65.38,5.77,22502,NTSK SMVB EXPRESS
JTJ,JOLARPETTAI ,208,7.69,21.15,65.38,5.77,22502,NTSK SMVB EXPRESS
KJM,KRISHNARAJAPURM ,209,9.62,17.31,67.31,5.77,22502,NTSK SMVB EXPRESS
SMVB,SMVT BENGALURU ,168,28.85,9.62,55.77,5.77,22502,NTSK SMVB EXPRESS
KYQ,KAMAKHYA ,6,82.69,5.77,3.85,7.69,22512,KARMABHOOMI EXP
NBQ,NEW BONGAIGAON ,23,53.85,28.85,9.62,7.69,22512,KARMABHOOMI EXP
APDJ,ALIPUR DUAR JN ,49,9.62,57.69,25,7.69,22512,KARMABHOOMI EXP
HSA,HASIMARA ,44,19.23,51.92,21.15,7.69,22512,KARMABHOOMI EXP
SGUJ,SILIGURI JN ,37,34.62,38.46,19.23,7.69,22512,KARMABHOOMI EXP
NJP,NEW JALPAIGURI ,48,25,36.54,30.77,7.69,22512,KARMABHOOMI EXP
MLDT,MALDA TOWN ,49,42.31,17.31,32.69,7.69,22512,KARMABHOOMI EXP
PKR,PAKUR ,51,40.38,19.23,25,15.38,22512,KARMABHOOMI EXP
RPH,RAMPUR HAT ,55,40.38,19.23,25,15.38,22512,KARMABHOOMI EXP
BHP,BOLPUR S NIKTN ,60,30.77,25,28.85,15.38,22512,KARMABHOOMI EXP
BWN,BARDDHAMAN JN ,58,44.23,11.54,28.85,15.38,22512,KARMABHOOMI EXP
DKAE,DANKUNI ,72,36.54,13.46,34.62,15.38,22512,KARMABHOOMI EXP
KGP,KHARAGPUR JN ,90,32.69,17.31,42.31,7.69,22512,KARMABHOOMI EXP
TATA,TATANAGAR JN ,125,15.38,25,51.92,7.69,22512,KARMABHOOMI EXP
CKP,CHAKRADHARPUR ,141,11.54,25,55.77,7.69,22512,KARMABHOOMI EXP
ROU,ROURKELA ,165,0,28.85,63.46,7.69,22512,KARMABHOOMI EXP
JSG,JHARSUGUDA JN ,179,3.85,17.31,71.15,7.69,22512,KARMABHOOMI EXP
RIG,RAIGARH ,199,0,17.31,75,7.69,22512,KARMABHOOMI EXP
KHS,KHARSIA ,143,0,1.92,9.62,88.46,22512,KARMABHOOMI EXP
BSP,BILASPUR JN ,220,0,19.23,73.08,7.69,22512,KARMABHOOMI EXP
R,RAIPUR JN ,242,0,17.31,73.08,9.62,22512,KARMABHOOMI EXP
G,GONDIA JN ,279,0,5.77,86.54,7.69,22512,KARMABHOOMI EXP
NGP,NAGPUR ,288,0,11.54,80.77,7.69,22512,KARMABHOOMI EXP
AK,AKOLA JN ,272,3.85,13.46,75,7.69,22512,KARMABHOOMI EXP
BSL,BHUSAVAL JN ,292,1.92,7.69,82.69,7.69,22512,KARMABHOOMI EXP
MMR,MANMAD JN ,313,0,3.85,88.46,7.69,22512,KARMABHOOMI EXP
KYN,KALYAN JN ,336,1.92,0,90.38,7.69,22512,KARMABHOOMI EXP
TNA,THANE ,419,0,0,5.77,94.23,22512,KARMABHOOMI EXP
LTT,LOKMANYATILAK T ,289,11.54,1.92,71.15,15.38,22512,KARMABHOOMI EXP
